Area,Year,SDG 6.4.1. Water Use Efficiency (US$/m3)
Afghanistan,2000,0.176393709
Afghanistan,2001,0.174631873
Afghanistan,2002,0.305839008
Afghanistan,2003,0.31316606
Afghanistan,2004,0.358945332
Afghanistan,2005,0.371669994
Afghanistan,2006,0.407784166
Afghanistan,2007,0.51144091
Afghanistan,2008,0.490310117
Afghanistan,2009,0.56988006
Afghanistan,2010,0.604744907
Afghanistan,2011,0.679890016
Afghanistan,2012,0.738600722
Afghanistan,2013,0.804275821
Afghanistan,2014,0.877889714
Afghanistan,2015,0.886912617
Afghanistan,2016,0.761669987
Afghanistan,2017,0.774685334
Afghanistan,2018,0.803860083
Afghanistan,2019,0.876542469
Afghanistan,2020,0.835660546
Afghanistan,2021,0.641496614
Afghanistan,2022,0.599198878
Albania,2001,2.644383567
Albania,2002,2.951671576
Albania,2003,3.275820198
Albania,2004,3.684732039
Albania,2005,4.196052167
Albania,2006,4.892145508
Albania,2007,5.373546095
Albania,2008,5.908667273
Albania,2009,6.446302693
Albania,2010,6.800480421
Albania,2011,7.113131388
Albania,2012,7.311706278
Albania,2013,7.565826438
Albania,2014,7.871184431
Albania,2015,9.546636225
Albania,2016,9.986275936
Albania,2017,8.420973597
Albania,2018,10.0717114
Albania,2019,8.717821092
Albania,2020,12.09666264
Albania,2021,13.03379966
Albania,2022,13.71003683
Algeria,2000,15.1531729
Algeria,2001,14.91152813
Algeria,2002,15.00846988
Algeria,2003,15.49251399
Algeria,2004,15.69428278
Algeria,2005,16.44955196
Algeria,2006,16.4543157
Algeria,2007,16.67328604
Algeria,2008,16.71283222
Algeria,2009,15.98421327
Algeria,2010,16.24220118
Algeria,2011,16.29344804
Algeria,2012,16.10921332
Algeria,2013,15.65245151
Algeria,2014,15.63766891
Algeria,2015,15.37273917
Algeria,2016,15.00592128
Algeria,2017,14.56186327
Algeria,2018,14.418351
Algeria,2019,14.1154081
Algeria,2020,12.98035234
Algeria,2021,14.39542762
Algeria,2022,14.32181037
Angola,2000,58.29173199
Angola,2001,56.79974823
Angola,2002,66.83388902
Angola,2003,67.73352925
Angola,2004,74.25937775
Angola,2005,84.85381009
Angola,2006,93.87679484
Angola,2007,108.4092266
Angola,2008,118.1346377
Angola,2009,117.213001
Angola,2010,124.5015238
Angola,2011,129.9791312
Angola,2012,143.190863
Angola,2013,149.7043343
Angola,2014,151.8244285
Angola,2015,149.2122642
Angola,2016,143.7853484
Angola,2017,142.5313145
Angola,2018,144.1584839
Angola,2019,144.3146228
Angola,2020,133.5105874
Angola,2021,133.8817775
Angola,2022,133.4513801
Antigua and Barbuda,2000,125.7054214
Antigua and Barbuda,2001,115.1841494
Antigua and Barbuda,2002,115.6826839
Antigua and Barbuda,2003,118.5761429
Antigua and Barbuda,2004,119.1391373
Antigua and Barbuda,2005,126.7941989
Antigua and Barbuda,2006,135.2394145
Antigua and Barbuda,2007,138.547278
Antigua and Barbuda,2008,135.0056848
Antigua and Barbuda,2009,115.6334054
Antigua and Barbuda,2010,101.0030383
Antigua and Barbuda,2011,94.79822158
Antigua and Barbuda,2012,93.45736682
Antigua and Barbuda,2013,93.7082215
Antigua and Barbuda,2014,97.16218708
Antigua and Barbuda,2015,100.5970074
Antigua and Barbuda,2016,106.2790527
Antigua and Barbuda,2017,109.8383564
Antigua and Barbuda,2018,117.7369404
Antigua and Barbuda,2019,124.2901057
Antigua and Barbuda,2020,101.4512331
Antigua and Barbuda,2021,107.9838981
Antigua and Barbuda,2022,117.1807755
Argentina,2000,11.88397665
Argentina,2001,11.24376139
Argentina,2002,9.249693554
Argentina,2003,9.601703202
Argentina,2004,10.12898399
Argentina,2005,10.87711895
Argentina,2006,11.62993821
Argentina,2007,12.28718028
Argentina,2008,12.49307909
Argentina,2009,11.81197225
Argentina,2010,12.52682912
Argentina,2011,13.07810963
Argentina,2012,13.07707
Argentina,2013,13.36555047
Argentina,2014,12.9174454
Argentina,2015,13.56024914
Argentina,2016,13.13876017
Argentina,2017,13.64462597
Argentina,2018,13.43489468
Argentina,2019,12.92752873
Argentina,2020,11.45674723
Argentina,2021,12.5733242
Argentina,2022,13.31272474
Armenia,2000,1.493308963
Armenia,2001,1.739826654
Armenia,2002,2.205049822
Armenia,2003,2.243533138
Armenia,2004,1.754415084
Armenia,2005,2.430174637
Armenia,2006,2.293117655
Armenia,2007,2.579324337
Armenia,2008,3.057222374
Armenia,2009,2.979096428
Armenia,2010,3.427960846
Armenia,2011,2.9002578
Armenia,2012,2.585651028
Armenia,2013,2.611090736
Armenia,2014,2.781979048
Armenia,2015,2.618940736
Armenia,2016,2.719064649
Armenia,2017,3.256115349
Armenia,2018,3.56686753
Armenia,2019,3.680547946
Armenia,2020,3.509336755
Armenia,2021,3.516470904
Armenia,2022,3.877368978
Australia,2006,50.46720648
Australia,2007,56.0479135
Australia,2008,62.18092652
Australia,2009,68.62310918
Australia,2010,72.55945839
Australia,2011,77.73371322
Australia,2012,66.26602213
Australia,2013,54.7822848
Australia,2014,59.24701754
Australia,2015,65.26000859
Australia,2016,68.02656095
Australia,2017,68.587328
Australia,2018,68.72242651
Australia,2019,78.36683403
Australia,2020,92.27885874
Australia,2021,78.9450945
Australia,2022,80.30477689
Australia and New Zealand,2000,33.06162694
Australia and New Zealand,2001,33.86179359
Australia and New Zealand,2002,36.04818763
Australia and New Zealand,2003,38.07431834
Australia and New Zealand,2004,40.16126215
Australia and New Zealand,2005,41.99483974
Australia and New Zealand,2006,45.42794325
Australia and New Zealand,2007,49.53223568
Australia and New Zealand,2008,53.48752239
Australia and New Zealand,2009,57.64095074
Australia and New Zealand,2010,60.0822158
Australia and New Zealand,2011,63.98391123
Australia and New Zealand,2012,57.38686574
Australia and New Zealand,2013,49.84848505
Australia and New Zealand,2014,53.48541062
Australia and New Zealand,2015,58.29185141
Australia and New Zealand,2016,60.81599176
Australia and New Zealand,2017,61.68775648
Australia and New Zealand,2018,62.1588882
Australia and New Zealand,2019,68.98930904
Australia and New Zealand,2020,77.88463274
Australia and New Zealand,2021,69.9958503
Australia and New Zealand,2022,71.45717895
Austria,2000,75.08341081
Austria,2001,76.77639504
Austria,2002,78.40713636
Austria,2003,80.01523903
Austria,2004,82.84403346
Austria,2005,85.50206231
Austria,2006,89.58666141
Austria,2007,93.80838055
Austria,2008,96.23980041
Austria,2009,92.28864266
Austria,2010,93.41658041
Austria,2011,96.92497965
Austria,2012,98.34235646
Austria,2013,99.49569254
Austria,2014,101.2967353
Austria,2015,103.3034523
Austria,2016,106.3695796
Austria,2017,109.7205412
Austria,2018,113.4894939
Austria,2019,116.5503487
Austria,2020,124.5729463
Austria,2021,150.1873523
Austria,2022,157.3708786
Azerbaijan,2000,0.958705138
Azerbaijan,2001,1.156917316
Azerbaijan,2002,1.28632995
Azerbaijan,2003,1.360006947
Azerbaijan,2004,1.426648214
Azerbaijan,2005,1.704903017
Azerbaijan,2006,2.299434472
Azerbaijan,2007,2.857373888
Azerbaijan,2008,3.335650334
Azerbaijan,2009,3.72536865
Azerbaijan,2010,3.956653413
Azerbaijan,2011,3.888092598
Azerbaijan,2012,3.733978119
Azerbaijan,2013,3.922758273
Azerbaijan,2014,4.134746481
Azerbaijan,2015,4.071880532
Azerbaijan,2016,3.91793952
Azerbaijan,2017,3.881797088
Azerbaijan,2018,3.901106944
Azerbaijan,2019,3.805089175
Azerbaijan,2020,3.707590047
Azerbaijan,2021,3.753719327
Azerbaijan,2022,3.972730751
Bahrain,2000,43.81724753
Bahrain,2001,44.43000577
Bahrain,2002,45.6353938
Bahrain,2003,48.06581865
Bahrain,2004,50.53230156
Bahrain,2005,53.10173422
Bahrain,2006,55.56850418
Bahrain,2007,59.16365444
Bahrain,2008,61.78853641
Bahrain,2009,62.35443599
Bahrain,2010,63.96375365
Bahrain,2011,64.32641072
Bahrain,2012,65.59447838
Bahrain,2013,68.12285089
Bahrain,2014,70.17504753
Bahrain,2015,71.81136502
Bahrain,2016,73.37379211
Bahrain,2017,76.45289282
Bahrain,2018,77.977548
Bahrain,2019,78.2160082
Bahrain,2020,74.57442257
Bahrain,2021,76.66766138
Bahrain,2022,80.28718924
Bangladesh,2008,3.403007947
Bangladesh,2009,3.659587186
Bangladesh,2010,3.920922702
Bangladesh,2011,4.228666081
Bangladesh,2012,4.588109455
Bangladesh,2013,4.99725776
Bangladesh,2014,5.403971815
Bangladesh,2015,5.978060941
Bangladesh,2016,6.465541671
Bangladesh,2017,6.866280423
Bangladesh,2018,7.367334164
Bangladesh,2019,7.976740997
Bangladesh,2020,8.322480978
Bangladesh,2021,8.899338247
Bangladesh,2022,9.543329277
Barbados,2005,49.87995242
Barbados,2006,54.77583154
Barbados,2007,54.71017813
Barbados,2008,55.59756749
Barbados,2009,53.81362013
Barbados,2010,51.43871083
Barbados,2011,50.49565479
Barbados,2012,50.29058481
Barbados,2013,50.3782016
Barbados,2014,49.93229795
Barbados,2015,51.36372384
Barbados,2016,52.08800277
Barbados,2017,51.78586934
Barbados,2018,50.96340386
Barbados,2019,51.33820346
Barbados,2020,45.40101767
Barbados,2021,44.24295105
Barbados,2022,49.75252578
Belarus,2011,29.34996555
Belarus,2012,29.83996744
Belarus,2013,31.00791576
Belarus,2014,30.29592366
Belarus,2015,31.39712855
Belarus,2016,30.15888392
Belarus,2017,32.0273871
Belarus,2018,33.1361722
Belarus,2019,34.89847802
Belarus,2020,35.51140934
Belarus,2021,34.12574398
Belarus,2022,33.01446131
Belgium,2003,50.72819423
Belgium,2004,53.33464989
Belgium,2005,55.65499539
Belgium,2006,57.80212964
Belgium,2007,60.7619258
Belgium,2008,62.48483741
Belgium,2009,62.24474561
Belgium,2010,67.72271662
Belgium,2011,73.41503631
Belgium,2012,78.66863956
Belgium,2013,84.79939822
Belgium,2014,93.27550309
Belgium,2015,102.9956971
Belgium,2016,100.0665125
Belgium,2017,95.97031271
Belgium,2018,100.8869225
Belgium,2019,104.6623046
Belgium,2020,102.7818924
Belgium,2021,104.3121903
Belgium,2022,93.41863674
Belize,2000,10.83362342
Belize,2001,11.38875227
Belize,2002,11.97652131
Belize,2003,12.96701089
Belize,2004,13.62154507
Belize,2005,14.02039083
Belize,2006,14.62923459
Belize,2007,15.24923606
Belize,2008,15.07544879
Belize,2009,15.08589083
Belize,2010,15.04646454
Belize,2011,14.99134779
Belize,2012,15.18217926
Belize,2013,15.87665306
Belize,2014,16.46695429
Belize,2015,16.7999555
Belize,2016,16.89686921
Belize,2017,16.46214542
Belize,2018,16.80864754
Belize,2019,17.65641825
Belize,2020,15.15501878
Belize,2021,17.93145333
Belize,2022,19.24025468
Benin,2000,25.25689049
Benin,2001,29.87151744
Benin,2002,28.2281371
Benin,2003,28.40802154
Benin,2004,27.28139019
Benin,2005,27.31407769
Benin,2006,27.32375376
Benin,2007,27.64098842
Benin,2008,28.11107416
Benin,2009,27.75215201
Benin,2010,27.38743266
Benin,2011,28.17048259
Benin,2012,28.69571569
Benin,2013,29.98894304
Benin,2014,30.42176082
Benin,2015,29.75363345
Benin,2016,31.5797985
Benin,2017,33.87716475
Benin,2018,36.10595063
Benin,2019,39.12096682
Benin,2020,40.53282559
Benin,2021,42.20591396
Benin,2022,45.95045174
Bhutan,2008,3.247328002
Bhutan,2009,3.478571516
Bhutan,2010,3.882411805
Bhutan,2011,4.391391013
Bhutan,2012,4.332350831
Bhutan,2013,4.459916755
Bhutan,2014,4.686806251
Bhutan,2015,5.198762366
Bhutan,2016,5.748229689
Bhutan,2017,6.116435089
Bhutan,2018,6.241858339
Bhutan,2019,6.729462373
Bhutan,2020,6.03459457
Bhutan,2021,6.305614325
Bhutan,2022,6.701494511
Bolivia (Plurinational State of),2000,7.007296088
Bolivia (Plurinational State of),2001,7.088845338
Bolivia (Plurinational State of),2002,7.178531601
Bolivia (Plurinational State of),2003,7.240513284
Bolivia (Plurinational State of),2004,7.411867611
Bolivia (Plurinational State of),2005,7.362868871
Bolivia (Plurinational State of),2006,7.410847271
Bolivia (Plurinational State of),2007,7.681338594
Bolivia (Plurinational State of),2008,8.039138678
Bolivia (Plurinational State of),2009,8.608120988
Bolivia (Plurinational State of),2010,9.016273972
Bolivia (Plurinational State of),2011,9.130813112
Bolivia (Plurinational State of),2012,9.334166916
Bolivia (Plurinational State of),2013,9.777870644
Bolivia (Plurinational State of),2014,10.31474679
Bolivia (Plurinational State of),2015,11.04461586
Bolivia (Plurinational State of),2016,12.18494078
Bolivia (Plurinational State of),2017,12.65910678
Bolivia (Plurinational State of),2018,13.16573635
Bolivia (Plurinational State of),2019,13.51136076
Bolivia (Plurinational State of),2020,74.57789089
Bolivia (Plurinational State of),2021,81.34953613
Bolivia (Plurinational State of),2022,13.54712903
Botswana,2000,39.75343056
Botswana,2001,39.80519374
Botswana,2002,42.81683841
Botswana,2003,43.79156481
Botswana,2004,44.30913954
Botswana,2005,46.64589625
Botswana,2006,51.17891024
Botswana,2007,54.06589572
Botswana,2008,55.5962715
Botswana,2009,47.13570905
Botswana,2010,52.68070651
Botswana,2011,57.30408049
Botswana,2012,58.07156905
Botswana,2013,66.35345709
Botswana,2014,71.76744279
Botswana,2015,68.0497151
Botswana,2016,68.0981629
Botswana,2017,73.63434168
Botswana,2018,71.94480301
Botswana,2019,74.80077723
Botswana,2020,62.18500292
Botswana,2021,66.11787844
Botswana,2022,76.60357789
Brazil,2000,17.1784065
Brazil,2001,17.25642866
Brazil,2002,17.76111265
Brazil,2003,17.64961656
Brazil,2004,18.47084634
Brazil,2005,19.19046647
Brazil,2006,19.91347745
Brazil,2007,19.75299742
Brazil,2008,19.2303534
Brazil,2009,18.27095883
Brazil,2010,18.61459232
Brazil,2011,19.96624838
Brazil,2012,21.0705622
Brazil,2013,22.53385606
Brazil,2014,23.66802633
Brazil,2015,23.28904481
Brazil,2016,21.74765914
Brazil,2017,22.20722835
Brazil,2018,22.26417781
Brazil,2019,22.37525898
Brazil,2020,21.56737396
Brazil,2021,21.84439093
Brazil,2022,22.66723492
Bulgaria,2000,3.820445099
Bulgaria,2001,4.198647062
Bulgaria,2002,4.028099757
Bulgaria,2003,3.999857552
Bulgaria,2004,4.374982557
Bulgaria,2005,4.785150554
Bulgaria,2006,5.211279171
Bulgaria,2007,5.913875292
Bulgaria,2008,5.954192027
Bulgaria,2009,6.332195811
Bulgaria,2010,6.646842382
Bulgaria,2011,6.288038601
Bulgaria,2012,7.077879608
Bulgaria,2013,7.285844819
Bulgaria,2014,7.524252352
Bulgaria,2015,7.438965947
Bulgaria,2016,7.559827956
Bulgaria,2017,7.800347308
Bulgaria,2018,8.484334027
Bulgaria,2019,8.814028029
Bulgaria,2020,9.254985518
Bulgaria,2021,9.487601961
Bulgaria,2022,9.655868121
Burkina Faso,2000,5.06732557
Burkina Faso,2001,4.964099909
Burkina Faso,2002,5.055596401
Burkina Faso,2003,5.331107811
Burkina Faso,2004,5.554518142
Burkina Faso,2005,5.511285865
Burkina Faso,2006,6.119993335
Burkina Faso,2007,6.660184304
Burkina Faso,2008,6.542438075
Burkina Faso,2009,7.064815188
Burkina Faso,2010,7.588717837
Burkina Faso,2011,8.180931372
Burkina Faso,2012,8.489152137
Burkina Faso,2013,8.776584371
Burkina Faso,2014,9.402677736
Burkina Faso,2015,9.890526328
Burkina Faso,2016,10.54452783
Burkina Faso,2017,11.26572342
Burkina Faso,2018,12.01586808
Burkina Faso,2019,12.12156697
Burkina Faso,2020,13.50709806
Burkina Faso,2021,14.51662275
Burkina Faso,2022,14.00781904
Burundi,2000,3.186646723
Burundi,2001,3.364772774
Burundi,2002,3.472983164
Burundi,2003,3.777709964
Burundi,2004,3.028079953
Burundi,2005,3.71180877
Burundi,2006,3.886633329
Burundi,2007,4.497464665
Burundi,2008,4.440971361
Burundi,2009,4.656873346
Burundi,2010,4.787794155
Burundi,2011,5.030624282
Burundi,2012,5.372837651
Burundi,2013,5.30054009
Burundi,2014,5.868519254
Burundi,2015,5.94799615
Burundi,2016,5.963651017
Burundi,2017,6.130002933
Burundi,2018,6.7121078
Burundi,2019,7.106592193
Burundi,2020,6.847025959
Burundi,2021,6.958507356
Burundi,2022,7.155318373
Cabo Verde,2001,31.81809075
Cabo Verde,2002,23.75364616
Cabo Verde,2003,19.59584746
Cabo Verde,2004,17.07279197
Cabo Verde,2005,14.87952601
Cabo Verde,2006,13.91053742
Cabo Verde,2007,13.24381463
Cabo Verde,2008,12.5068717
Cabo Verde,2009,11.06374728
Cabo Verde,2010,10.11021144
Cabo Verde,2011,9.489936123
Cabo Verde,2012,8.893476328
Cabo Verde,2013,8.26049033
Cabo Verde,2014,7.76273131
Cabo Verde,2015,7.213206952
Cabo Verde,2016,7.069689123
Cabo Verde,2017,6.966429055
Cabo Verde,2018,6.813073635
Cabo Verde,2019,7.078049681
Cabo Verde,2020,4.898771715
Cabo Verde,2021,5.97728117
Cabo Verde,2022,6.785376862
Cambodia,2006,3.254278399
Cambodia,2007,3.508924793
Cambodia,2008,3.646045759
Cambodia,2009,3.613393238
Cambodia,2010,3.816074804
Cambodia,2011,4.059275257
Cambodia,2012,4.419453387
Cambodia,2013,4.855308438
Cambodia,2014,5.381383411
Cambodia,2015,5.913219651
Cambodia,2016,6.465787699
Cambodia,2017,7.016218539
Cambodia,2018,7.644648213
Cambodia,2019,8.286579182
Cambodia,2020,7.860211774
Cambodia,2021,8.086325753
Cambodia,2022,8.59002934
Cameroon,2000,13.07306906
Cameroon,2001,13.14200921
Cameroon,2002,13.54843106
Cameroon,2003,14.12098294
Cameroon,2004,15.06023645
Cameroon,2005,15.11712647
Cameroon,2006,15.79547417
Cameroon,2007,16.39190818
Cameroon,2008,17.07375651
Cameroon,2009,17.50004028
Cameroon,2010,17.85563168
Cameroon,2011,18.71583706
Cameroon,2012,19.54106978
Cameroon,2013,20.43076017
Cameroon,2014,21.341053
Cameroon,2015,22.11246803
Cameroon,2016,23.11441605
Cameroon,2017,23.92361771
Cameroon,2018,25.03768592
Cameroon,2019,25.81385477
Cameroon,2020,25.86412589
Cameroon,2021,27.07611641
Cameroon,2022,28.15929924
Canada,2006,30.15607988
Canada,2007,30.79030103
Canada,2008,32.09694621
Canada,2009,32.1876962
Canada,2010,31.7303725
Canada,2011,33.83784616
Canada,2012,35.32717972
Canada,2013,37.12115603
Canada,2014,39.24615099
Canada,2015,40.44305892
Canada,2016,40.29568964
Canada,2017,40.8426598
Canada,2018,41.92278612
Canada,2019,42.94776693
Canada,2020,40.8818406
Canada,2021,42.76811846
Canada,2022,44.16724758
Central African Republic,2000,17.4032281
Central African Republic,2001,16.63115266
Central African Republic,2002,16.00845086
Central African Republic,2003,13.37463237
Central African Republic,2004,13.76268002
Central African Republic,2005,14.23964247
Central African Republic,2006,15.18122629
Central African Republic,2007,15.88472511
Central African Republic,2008,16.52935411
Central African Republic,2009,17.21488917
Central African Republic,2010,18.15581894
Central African Republic,2011,19.53501181
Central African Republic,2012,20.54962061
Central African Republic,2013,14.56025108
Central African Republic,2014,13.93940222
Central African Republic,2015,15.27646096
Central African Republic,2016,15.76770638
Central African Republic,2017,16.29777977
Central African Republic,2018,16.88432529
Central African Republic,2019,17.47262011
Central African Republic,2020,17.59259725
Central African Republic,2021,17.76810618
Central African Republic,2022,17.86639431
Central Asia,2000,0.782283749
Central Asia,2001,0.871848414
Central Asia,2002,0.926936049
Central Asia,2003,0.991528184
Central Asia,2004,1.078162808
Central Asia,2005,1.194177107
Central Asia,2006,1.366770639
Central Asia,2007,1.495540261
Central Asia,2008,1.627055858
Central Asia,2009,1.688279049
Central Asia,2010,1.819091929
Central Asia,2011,1.948080715
Central Asia,2012,2.099073743
Central Asia,2013,2.203390423
Central Asia,2014,2.342872026
Central Asia,2015,2.415676666
Central Asia,2016,2.440153641
Central Asia,2017,2.452595649
Central Asia,2018,2.622347095
Central Asia,2019,2.76639905
Central Asia,2020,2.836351612
Central Asia,2021,3.47325677
Central Asia,2022,3.53300464
Central and Southern Asia,2000,1.147506432
Central and Southern Asia,2001,1.221482081
Central and Southern Asia,2002,1.27305834
Central and Southern Asia,2003,1.345126051
Central and Southern Asia,2004,1.451330338
Central and Southern Asia,2005,1.529411482
Central and Southern Asia,2006,1.649447881
Central and Southern Asia,2007,1.762697612
Central and Southern Asia,2008,1.784014773
Central and Southern Asia,2009,1.862974131
Central and Southern Asia,2010,1.967451245
Central and Southern Asia,2011,2.073435939
Central and Southern Asia,2012,2.159337792
Central and Southern Asia,2013,2.26055075
Central and Southern Asia,2014,2.406750257
Central and Southern Asia,2015,2.539897961
Central and Southern Asia,2016,2.707389003
Central and Southern Asia,2017,2.852256512
Central and Southern Asia,2018,3.003826839
Central and Southern Asia,2019,3.10290896
Central and Southern Asia,2020,2.996386797
Central and Southern Asia,2021,3.258848888
Central and Southern Asia,2022,3.434209374
Chad,2000,3.035827624
Chad,2001,3.235017382
Chad,2002,3.495513907
Chad,2003,3.90055388
Chad,2004,4.73910729
Chad,2005,5.290870496
Chad,2006,5.233153317
Chad,2007,6.406610988
Chad,2008,6.591779676
Chad,2009,6.820412287
Chad,2010,6.453875173
Chad,2011,8.51748366
Chad,2012,9.479330817
Chad,2013,9.017538615
Chad,2014,10.13191852
Chad,2015,10.39385283
Chad,2016,9.929912395
Chad,2017,9.243571934
Chad,2018,9.990615184
Chad,2019,11.00140923
Chad,2020,11.3393507
Chad,2021,11.31483251
Chad,2022,12.66682176
Chile,2007,4.851993265
Chile,2008,5.021449683
Chile,2009,5.025353116
Chile,2010,5.364018009
Chile,2011,5.712626074
Chile,2012,6.062734669
Chile,2013,6.369208232
Chile,2014,6.512184191
Chile,2015,6.702424912
Chile,2016,6.886166535
Chile,2017,6.982028451
Chile,2018,7.108284304
Chile,2019,7.183762954
Chile,2020,6.738375124
Chile,2021,7.475996226
Chile,2022,7.715915308
China,2000,4.8258222
China,2001,5.254626836
China,2002,5.753793235
China,2003,6.353698744
China,2004,6.916010747
China,2005,7.706920832
China,2006,8.487475608
China,2007,9.666909991
China,2008,10.30697376
China,2009,11.18744211
China,2010,12.54526592
China,2011,13.64721039
China,2012,14.47040953
China,2013,15.41990664
China,2014,16.76712402
China,2015,17.86091328
China,2016,19.33506075
China,2017,20.79065806
China,2018,23.62395669
China,2019,24.2788763
China,2020,25.80859674
China,2021,31.36041613
China,2022,31.60070505
Colombia,2000,17.27573006
Colombia,2001,16.49164507
Colombia,2002,15.86582081
Colombia,2003,15.58609704
Colombia,2004,15.58064449
Colombia,2005,15.51171805
Colombia,2006,15.76665452
Colombia,2007,16.07825855
Colombia,2008,16.03810763
Colombia,2009,13.50678182
Colombia,2010,11.53609138
Colombia,2011,11.88734759
Colombia,2012,11.78836052
Colombia,2013,11.94525948
Colombia,2014,12.12347023
Colombia,2015,11.90466044
Colombia,2016,11.5539346
Colombia,2017,11.17914307
Colombia,2018,11.3058198
Colombia,2019,11.38479564
Colombia,2020,10.77398691
Colombia,2021,11.45948136
Colombia,2022,11.73129054
Comoros,2000,40.65750133
Comoros,2001,41.52149904
Comoros,2002,42.85438012
Comoros,2003,43.69358258
Comoros,2004,44.44233625
Comoros,2005,45.35623674
Comoros,2006,46.59209854
Comoros,2007,43.10553175
Comoros,2008,45.80428023
Comoros,2009,47.09266678
Comoros,2010,48.91591363
Comoros,2011,52.03926724
Comoros,2012,55.47905844
Comoros,2013,59.89686126
Comoros,2014,62.44958718
Comoros,2015,63.62040912
Comoros,2016,64.05373536
Comoros,2017,67.02522511
Comoros,2018,67.72925473
Comoros,2019,68.92501707
Comoros,2020,71.63452695
Comoros,2021,73.48147654
Comoros,2022,73.37823294
Congo,2000,153.6098697
Congo,2001,144.1047477
Congo,2002,143.7816404
Congo,2003,109.2519545
Congo,2004,87.90301023
Congo,2005,78.85273301
Congo,2006,86.92154487
Congo,2007,81.05180076
Congo,2008,86.49055463
Congo,2009,94.62693823
Congo,2010,105.7658335
Congo,2011,107.7661247
Congo,2012,118.3531024
Congo,2013,115.3155757
Congo,2014,122.4657639
Congo,2015,120.9497833
Congo,2016,108.4222592
Congo,2017,104.815894
Congo,2018,103.8987197
Congo,2019,106.0737306
Congo,2020,94.34246153
Congo,2021,97.86553212
Congo,2022,85.29888363
Costa Rica,2012,19.2474125
Costa Rica,2013,18.7782347
Costa Rica,2014,17.59166802
Costa Rica,2015,15.6985061
Costa Rica,2016,17.73890002
Costa Rica,2017,22.39061826
Costa Rica,2018,18.46296049
Costa Rica,2019,18.4238458
Costa Rica,2020,17.68892199
Costa Rica,2021,17.17443476
Costa Rica,2022,17.92009784
Croatia,2007,67.37617581
Croatia,2008,69.61207696
Croatia,2009,60.66292793
Croatia,2010,37.35064805
Croatia,2011,36.51133182
Croatia,2012,34.92841313
Croatia,2013,35.45358364
Croatia,2014,35.91242515
Croatia,2015,36.98261885
Croatia,2016,37.67282799
Croatia,2017,43.33658476
Croatia,2018,44.65799673
Croatia,2019,45.65829412
Croatia,2020,41.74698063
Croatia,2021,47.30651406
Croatia,2022,50.50387709
Cuba,2000,8.193063478
Cuba,2001,8.450245074
Cuba,2002,8.609752341
Cuba,2003,8.92245158
Cuba,2004,9.436584225
Cuba,2005,10.56009177
Cuba,2006,11.9190291
Cuba,2007,13.56073641
Cuba,2008,12.13097512
Cuba,2009,11.72084214
Cuba,2010,12.12295366
Cuba,2011,11.848211
Cuba,2012,11.62248082
Cuba,2013,11.39426654
Cuba,2014,11.52804912
Cuba,2015,12.04571343
Cuba,2016,12.09588842
Cuba,2017,12.33326666
Cuba,2018,12.59937023
Cuba,2019,12.55318188
Cuba,2020,11.33739054
Cuba,2021,12.56014183
Cuba,2022,12.49699377
Cyprus,2000,69.57211221
Cyprus,2001,73.96929746
Cyprus,2002,68.33691624
Cyprus,2003,63.16846267
Cyprus,2004,58.9538161
Cyprus,2005,70.36184934
Cyprus,2006,75.58209693
Cyprus,2007,81.31342202
Cyprus,2008,112.8316159
Cyprus,2009,99.87141257
Cyprus,2010,92.04612275
Cyprus,2011,85.51408288
Cyprus,2012,72.18405891
Cyprus,2013,67.20096272
Cyprus,2014,59.81226573
Cyprus,2015,58.41086535
Cyprus,2016,58.37962207
Cyprus,2017,64.99537677
Cyprus,2018,71.21833292
Cyprus,2019,78.92980355
Cyprus,2020,77.12035845
Cyprus,2021,80.29328131
Cyprus,2022,83.91705661
Czechia,2003,56.39049555
Czechia,2004,60.01884438
Czechia,2005,65.66281444
Czechia,2006,72.43641127
Czechia,2007,77.52478751
Czechia,2008,83.09713725
Czechia,2009,80.21600783
Czechia,2010,84.33618555
Czechia,2011,87.95050071
Czechia,2012,83.15361163
Czechia,2013,92.50415989
Czechia,2014,95.20497541
Czechia,2015,103.2189753
Czechia,2016,103.1301763
Czechia,2017,109.0662019
Czechia,2018,116.0984612
Czechia,2019,126.6430303
Czechia,2020,133.0476385
Czechia,2021,139.3678571
Czechia,2022,132.8502962
Côte d'Ivoire,2000,11.24130856
Côte d'Ivoire,2001,10.04349396
Côte d'Ivoire,2002,9.319239466
Côte d'Ivoire,2003,8.746658254
Côte d'Ivoire,2004,9.216951461
Côte d'Ivoire,2005,9.946994024
Côte d'Ivoire,2006,10.39424432
Côte d'Ivoire,2007,10.88753252
Côte d'Ivoire,2008,11.56456597
Côte d'Ivoire,2009,12.49941861
Côte d'Ivoire,2010,13.57723723
Côte d'Ivoire,2011,14.19470718
Côte d'Ivoire,2012,17.78575165
Côte d'Ivoire,2013,21.72563051
Côte d'Ivoire,2014,25.8298661
Côte d'Ivoire,2015,29.34529029
Côte d'Ivoire,2016,31.89316135
Côte d'Ivoire,2017,34.36637442
Côte d'Ivoire,2018,35.63930512
Côte d'Ivoire,2019,38.23181994
Côte d'Ivoire,2020,38.12058752
Côte d'Ivoire,2021,41.39991586
Côte d'Ivoire,2022,44.66510782
Democratic People's Republic of Korea,2000,1.470850234
Democratic People's Republic of Korea,2001,1.522555478
Democratic People's Republic of Korea,2002,1.538001856
Democratic People's Republic of Korea,2003,1.579830843
Democratic People's Republic of Korea,2004,1.611717609
Democratic People's Republic of Korea,2005,1.679182903
Democratic People's Republic of Korea,2006,1.672442089
Democratic People's Republic of Korea,2007,1.665286333
Democratic People's Republic of Korea,2008,1.714710974
Democratic People's Republic of Korea,2009,1.70304862
Democratic People's Republic of Korea,2010,1.695598865
Democratic People's Republic of Korea,2011,1.695303707
Democratic People's Republic of Korea,2012,1.715438829
Democratic People's Republic of Korea,2013,1.740134186
Democratic People's Republic of Korea,2014,1.761782572
Democratic People's Republic of Korea,2015,1.742925146
Democratic People's Republic of Korea,2016,1.810010051
Democratic People's Republic of Korea,2017,1.739765
Democratic People's Republic of Korea,2018,1.664845617
Democratic People's Republic of Korea,2019,1.683245366
Democratic People's Republic of Korea,2020,1.600335902
Democratic People's Republic of Korea,2021,1.591332523
Democratic People's Republic of Korea,2022,1.592662237
Democratic Republic of the Congo,2000,18.99950743
Democratic Republic of the Congo,2001,17.29313509
Democratic Republic of the Congo,2002,18.93324832
Democratic Republic of the Congo,2003,19.39790967
Democratic Republic of the Congo,2004,20.44045511
Democratic Republic of the Congo,2005,21.93594644
Democratic Republic of the Congo,2006,22.81223333
Democratic Republic of the Congo,2007,24.08306584
Democratic Republic of the Congo,2008,24.95443934
Democratic Republic of the Congo,2009,25.46147148
Democratic Republic of the Congo,2010,28.29776165
Democratic Republic of the Congo,2011,30.2387212
Democratic Republic of the Congo,2012,32.11009124
Democratic Republic of the Congo,2013,34.91815375
Democratic Republic of the Congo,2014,38.77484032
Democratic Republic of the Congo,2015,41.52775482
Democratic Republic of the Congo,2016,42.14104504
Democratic Republic of the Congo,2017,44.62978846
Democratic Republic of the Congo,2018,47.86675112
Democratic Republic of the Congo,2019,49.56859939
Democratic Republic of the Congo,2020,50.8269439
Democratic Republic of the Congo,2021,54.58692908
Democratic Republic of the Congo,2022,61.16491351
Denmark,2003,343.0517067
Denmark,2004,341.6827737
Denmark,2005,366.7343793
Denmark,2006,352.0584174
Denmark,2007,433.2130528
Denmark,2008,362.641733
Denmark,2009,368.045484
Denmark,2010,337.3777831
Denmark,2011,329.632927
Denmark,2012,342.4859645
Denmark,2013,299.289298
Denmark,2014,310.7733267
Denmark,2015,320.708288
Denmark,2016,302.4210563
Denmark,2017,308.0631984
Denmark,2018,254.6939108
Denmark,2019,302.1714663
Denmark,2020,293.3937891
Denmark,2021,311.6535524
Denmark,2022,332.2966075
Dominican Republic,2000,6.130087862
Dominican Republic,2001,6.091367255
Dominican Republic,2002,6.376266925
Dominican Republic,2003,6.369547267
Dominican Republic,2004,6.31216192
Dominican Republic,2005,6.67862853
Dominican Republic,2006,7.004318399
Dominican Republic,2007,7.071056274
Dominican Republic,2008,7.019477762
Dominican Republic,2009,6.737434868
Dominican Republic,2010,6.973559363
Dominican Republic,2011,6.876492151
Dominican Republic,2012,6.736148916
Dominican Republic,2013,6.723474224
Dominican Republic,2014,6.898950063
Dominican Republic,2015,6.997662102
Dominican Republic,2016,7.452108863
Dominican Republic,2017,7.800192191
Dominican Republic,2018,8.332722447
Dominican Republic,2019,8.752035773
Dominican Republic,2020,8.204757288
Dominican Republic,2021,9.179056813
Dominican Republic,2022,9.653521619
Eastern Asia,2000,11.15276839
Eastern Asia,2001,11.56189523
Eastern Asia,2002,12.11690188
Eastern Asia,2003,12.76277579
Eastern Asia,2004,13.47970897
Eastern Asia,2005,14.31362671
Eastern Asia,2006,15.02889738
Eastern Asia,2007,16.19647352
Eastern Asia,2008,16.62299633
Eastern Asia,2009,16.96829823
Eastern Asia,2010,18.43867465
Eastern Asia,2011,19.35305912
Eastern Asia,2012,20.14925855
Eastern Asia,2013,21.09873136
Eastern Asia,2014,22.38299474
Eastern Asia,2015,23.49252052
Eastern Asia,2016,24.8120511
Eastern Asia,2017,26.21066817
Eastern Asia,2018,28.73714754
Eastern Asia,2019,29.32586414
Eastern Asia,2020,30.33610937
Eastern Asia,2021,35.23414987
Eastern Asia,2022,35.54890793
Eastern and South-Eastern Asia,2000,9.521817451
Eastern and South-Eastern Asia,2001,9.732500446
Eastern and South-Eastern Asia,2002,10.0678692
Eastern and South-Eastern Asia,2003,10.46904347
Eastern and South-Eastern Asia,2004,10.90621415
Eastern and South-Eastern Asia,2005,11.42431365
Eastern and South-Eastern Asia,2006,11.07392561
Eastern and South-Eastern Asia,2007,11.22395297
Eastern and South-Eastern Asia,2008,11.50007752
Eastern and South-Eastern Asia,2009,11.71890585
Eastern and South-Eastern Asia,2010,12.64137274
Eastern and South-Eastern Asia,2011,13.23515667
Eastern and South-Eastern Asia,2012,13.75907168
Eastern and South-Eastern Asia,2013,14.35865931
Eastern and South-Eastern Asia,2014,15.09142155
Eastern and South-Eastern Asia,2015,15.75400161
Eastern and South-Eastern Asia,2016,16.61652651
Eastern and South-Eastern Asia,2017,17.49423468
Eastern and South-Eastern Asia,2018,19.06416689
Eastern and South-Eastern Asia,2019,19.60793828
Eastern and South-Eastern Asia,2020,19.91687304
Eastern and South-Eastern Asia,2021,22.82458991
Eastern and South-Eastern Asia,2022,23.10490519
Ecuador,2000,4.79111322
Ecuador,2001,4.916677722
Ecuador,2002,5.11627456
Ecuador,2003,5.290730568
Ecuador,2004,5.746108025
Ecuador,2005,6.070374125
Ecuador,2006,6.395974549
Ecuador,2007,6.551397538
Ecuador,2008,7.097015975
Ecuador,2009,6.952672012
Ecuador,2010,7.315202383
Ecuador,2011,7.990301241
Ecuador,2012,8.387566437
Ecuador,2013,8.789290284
Ecuador,2014,9.127281476
Ecuador,2015,8.879855956
Ecuador,2016,8.783375794
Ecuador,2017,9.028911703
Ecuador,2018,9.120324928
Ecuador,2019,9.166927738
Ecuador,2020,8.459992598
Ecuador,2021,8.852315757
Ecuador,2022,9.146062814
Egypt,2000,2.364139379
Egypt,2001,2.428257092
Egypt,2002,2.448674223
Egypt,2003,2.491176491
Egypt,2004,2.572432993
Egypt,2005,2.679995072
Egypt,2006,2.796671412
Egypt,2007,2.996943107
Egypt,2008,3.174814033
Egypt,2009,3.277123892
Egypt,2010,3.407992289
Egypt,2011,3.771078175
Egypt,2012,4.085524795
Egypt,2013,4.198040064
Egypt,2014,4.281957819
Egypt,2015,4.34647732
Egypt,2016,4.445826595
Egypt,2017,4.382109935
Egypt,2018,4.582043137
Egypt,2019,4.809792814
Egypt,2020,4.889169677
Egypt,2021,5.306097068
Egypt,2022,5.668222435
El Salvador,2000,10.99992903
El Salvador,2001,10.01792958
El Salvador,2002,9.361982073
El Salvador,2003,8.710252393
El Salvador,2004,8.118943117
El Salvador,2005,7.658289736
El Salvador,2006,8.318956599
El Salvador,2007,8.786688836
El Salvador,2008,9.484503275
El Salvador,2009,9.914490417
El Salvador,2010,10.52582858
El Salvador,2011,11.45108257
El Salvador,2012,12.6109471
El Salvador,2013,13.82961226
El Salvador,2014,14.99024844
El Salvador,2015,16.19984931
El Salvador,2016,17.72972199
El Salvador,2017,19.24168012
El Salvador,2018,21.25945226
El Salvador,2019,23.56716863
El Salvador,2020,23.26994994
El Salvador,2021,21.48344143
El Salvador,2022,11.87494129
Eritrea,2000,3.326687465
Eritrea,2001,2.524589806
Eritrea,2002,2.617698336
Eritrea,2003,2.530801375
Eritrea,2004,2.319399694
Eritrea,2005,2.058889489
Eritrea,2006,2.008242918
Eritrea,2007,2.086056972
Eritrea,2008,1.871851459
Eritrea,2009,2.185984303
Eritrea,2010,2.280247289
Eritrea,2011,2.946170716
Eritrea,2012,3.039444639
Eritrea,2013,2.6555408
Eritrea,2014,3.590135161
Eritrea,2015,2.926667165
Eritrea,2016,3.19427144
Eritrea,2017,2.818843954
Eritrea,2018,3.210655016
Eritrea,2019,3.338609434
Eritrea,2020,3.309273393
Eritrea,2021,3.411395095
Eritrea,2022,3.50045607
Estonia,2000,7.992135563
Estonia,2001,8.379093236
Estonia,2002,9.520980188
Estonia,2003,9.332013768
Estonia,2004,9.620003166
Estonia,2005,10.86052396
Estonia,2006,11.73191402
Estonia,2007,10.71032968
Estonia,2008,11.87100275
Estonia,2009,11.59347463
Estonia,2010,8.886324302
Estonia,2011,9.340349643
Estonia,2012,11.08012272
Estonia,2013,10.56752828
Estonia,2014,10.97907888
Estonia,2015,12.14458071
Estonia,2016,11.33287825
Estonia,2017,11.80461421
Estonia,2018,13.68053618
Estonia,2019,22.77261204
Estonia,2020,26.86039009
Estonia,2021,24.53699902
Estonia,2022,20.19951986
Eswatini,2002,2.177972845
Eswatini,2003,2.264094743
Eswatini,2004,2.394282858
Eswatini,2005,2.509234526
Eswatini,2006,2.67349043
Eswatini,2007,2.810097416
Eswatini,2008,2.845009536
Eswatini,2009,2.894863473
Eswatini,2010,2.973686065
Eswatini,2011,3.025095622
Eswatini,2012,3.131476468
Eswatini,2013,3.247309294
Eswatini,2014,3.296636472
Eswatini,2015,3.368353705
Eswatini,2016,3.434624594
Eswatini,2017,3.507908003
Eswatini,2018,3.577445087
Eswatini,2019,3.665628418
Eswatini,2020,3.563448636
Eswatini,2021,3.872658286
Eswatini,2022,3.809624757
Ethiopia,2002,1.855413756
Ethiopia,2003,1.645042635
Ethiopia,2004,1.579550323
Ethiopia,2005,1.53533186
Ethiopia,2006,1.639129374
Ethiopia,2007,1.78490161
Ethiopia,2008,1.825527381
Ethiopia,2009,1.957875476
Ethiopia,2010,2.230809
Ethiopia,2011,2.493008156
Ethiopia,2012,2.493463635
Ethiopia,2013,2.835995199
Ethiopia,2014,3.19941136
Ethiopia,2015,3.60414009
Ethiopia,2016,3.890510107
Ethiopia,2017,4.369768254
Ethiopia,2018,4.920887646
Ethiopia,2019,5.200747723
Ethiopia,2020,5.348001384
Ethiopia,2021,5.518318763
Ethiopia,2022,5.897841767
Europe,2000,36.97490474
Europe,2001,38.77548436
Europe,2002,39.91716318
Europe,2003,40.962018
Europe,2004,42.98017383
Europe,2005,44.71523877
Europe,2006,45.98728227
Europe,2007,49.4234299
Europe,2008,47.91666451
Europe,2009,48.95180561
Europe,2010,50.31190655
Europe,2011,51.67134113
Europe,2012,52.47200173
Europe,2013,55.08207093
Europe,2014,54.81543232
Europe,2015,58.232972
Europe,2016,58.90616385
Europe,2017,60.82536017
Europe,2018,61.93945759
Europe,2019,63.49647848
Europe,2020,61.01216514
Europe,2021,64.77940158
Europe,2022,67.31626335
Europe and Northern America,2000,29.17759278
Europe and Northern America,2001,29.92247144
Europe and Northern America,2002,30.55373096
Europe and Northern America,2003,31.30817564
Europe and Northern America,2004,32.53893587
Europe and Northern America,2005,33.65289216
Europe and Northern America,2006,35.2362538
Europe and Northern America,2007,37.40701718
Europe and Northern America,2008,37.72033869
Europe and Northern America,2009,38.04185391
Europe and Northern America,2010,39.7162064
Europe and Northern America,2011,40.9845646
Europe and Northern America,2012,42.11254103
Europe and Northern America,2013,43.91042837
Europe and Northern America,2014,45.03162404
Europe and Northern America,2015,47.38588128
Europe and Northern America,2016,48.18396054
Europe and Northern America,2017,49.40567278
Europe and Northern America,2018,50.62240025
Europe and Northern America,2019,51.83633558
Europe and Northern America,2020,50.26640229
Europe and Northern America,2021,53.17706469
Europe and Northern America,2022,54.64458252
Fiji,2003,34.79683985
Fiji,2004,36.42526109
Fiji,2005,35.95624564
Fiji,2006,36.56205045
Fiji,2007,35.55976214
Fiji,2008,35.97049593
Fiji,2009,36.33912913
Fiji,2010,36.95429413
Fiji,2011,35.67524605
Fiji,2012,35.7749658
Fiji,2013,36.72587604
Fiji,2014,37.34378869
Fiji,2015,39.11040959
Fiji,2016,40.22458275
Fiji,2017,42.07190521
Fiji,2018,43.11728061
Fiji,2019,43.17663573
Fiji,2020,36.07363882
Fiji,2021,34.13967249
Fiji,2022,40.9374629
Finland,2005,84.31165673
Finland,2006,30.05750379
Finland,2007,91.57270935
Finland,2008,92.47191982
Finland,2009,83.8341209
Finland,2010,85.9338407
Finland,2011,87.24271201
Finland,2012,85.01666983
Finland,2013,83.27435389
Finland,2014,82.81336308
Finland,2015,83.34141087
Finland,2016,87.692952
Finland,2017,90.85119541
Finland,2018,75.31137552
Finland,2019,61.20524193
Finland,2020,59.85121283
Finland,2021,74.17830187
Finland,2022,78.808479
France,2003,55.60358138
France,2004,56.8434753
France,2005,58.13193545
France,2006,60.83345398
France,2007,65.76231251
France,2008,71.41382027
France,2009,71.29088101
France,2010,71.92841447
France,2011,69.49886538
France,2012,74.65511176
France,2013,77.81569785
France,2014,77.97123492
France,2015,76.49554778
France,2016,82.25127929
France,2017,82.14187557
France,2018,83.58378041
France,2019,87.40083562
France,2020,86.14222206
France,2021,91.98905121
France,2022,94.69292642
Gabon,2000,71.65738558
Gabon,2001,71.55868178
Gabon,2002,69.25372563
Gabon,2003,68.6220047
Gabon,2004,68.50445395
Gabon,2005,68.34970434
Gabon,2006,67.11042851
Gabon,2007,70.12619148
Gabon,2008,69.1897552
Gabon,2009,66.79060231
Gabon,2010,71.10889888
Gabon,2011,77.28977191
Gabon,2012,81.19331671
Gabon,2013,85.75094741
Gabon,2014,88.88136704
Gabon,2015,91.37033982
Gabon,2016,92.95340315
Gabon,2017,94.77316669
Gabon,2018,95.91776091
Gabon,2019,99.98165776
Gabon,2020,96.66202066
Gabon,2021,99.57394026
Gabon,2022,102.9110334
Gambia,2000,8.242381977
Gambia,2001,8.248391303
Gambia,2002,8.088673089
Gambia,2003,7.512545659
Gambia,2004,7.125303877
Gambia,2005,6.77689891
Gambia,2006,7.31939579
Gambia,2007,7.705932604
Gambia,2008,7.60021959
Gambia,2009,7.754065735
Gambia,2010,7.915502287
Gambia,2011,8.159402331
Gambia,2012,8.587022508
Gambia,2013,8.912273443
Gambia,2014,9.12281227
Gambia,2015,9.408393988
Gambia,2016,9.687383076
Gambia,2017,10.38240451
Gambia,2018,11.24244236
Gambia,2019,11.9458451
Gambia,2020,11.81201751
Gambia,2021,12.17099899
Gambia,2022,13.02639821
Georgia,2000,2.728935423
Georgia,2001,2.874127269
Georgia,2002,3.082474314
Georgia,2003,3.490013327
Georgia,2004,3.653163718
Georgia,2005,3.976291155
Georgia,2006,4.39179685
Georgia,2007,4.84754748
Georgia,2008,5.03936045
Georgia,2009,4.965299258
Georgia,2010,5.468555254
Georgia,2011,5.952480056
Georgia,2012,6.511039064
Georgia,2013,6.844408716
Georgia,2014,7.229794058
Georgia,2015,7.633860035
Georgia,2016,7.939000333
Georgia,2017,9.574393292
Georgia,2018,10.66108959
Georgia,2019,9.311982118
Georgia,2020,8.222744474
Georgia,2021,9.357814676
Georgia,2022,12.91467949
Germany,2006,68.37365699
Germany,2007,71.78005987
Germany,2008,71.99278178
Germany,2009,66.4930915
Germany,2010,70.24107862
Germany,2011,78.18080372
Germany,2012,85.26794941
Germany,2013,91.38205012
Germany,2014,94.17905295
Germany,2015,100.5077492
Germany,2016,101.8581254
Germany,2017,113.3512752
Germany,2018,118.3004102
Germany,2019,124.4694522
Germany,2020,120.6428234
Germany,2021,124.5442738
Germany,2022,126.2815077
Ghana,2000,14.59800196
Ghana,2001,14.91405406
Ghana,2002,15.28803617
Ghana,2003,15.62381165
Ghana,2004,15.81654142
Ghana,2005,16.54315769
Ghana,2006,17.02549016
Ghana,2007,16.90787224
Ghana,2008,17.41143201
Ghana,2009,17.70954771
Ghana,2010,18.53885899
Ghana,2011,22.45764005
Ghana,2012,24.9192794
Ghana,2013,26.69934918
Ghana,2014,25.77555644
Ghana,2015,25.01821589
Ghana,2016,25.39669947
Ghana,2017,28.15119662
Ghana,2018,30.46443108
Ghana,2019,33.04331733
Ghana,2020,32.70891257
Ghana,2021,33.76443367
Ghana,2022,34.9398279
Greece,2000,17.08710377
Greece,2001,17.98967648
Greece,2002,20.34490563
Greece,2003,20.89231789
Greece,2004,22.11351326
Greece,2005,22.06857271
Greece,2006,23.56088546
Greece,2007,23.96299675
Greece,2008,23.85372448
Greece,2009,23.06137004
Greece,2010,21.3546774
Greece,2011,19.03254139
Greece,2012,17.34110838
Greece,2013,17.10093341
Greece,2014,17.0526777
Greece,2015,17.01225964
Greece,2016,16.36890755
Greece,2017,16.56189656
Greece,2018,16.79776228
Greece,2019,17.09201914
Greece,2020,15.72790544
Greece,2021,16.983454
Greece,2022,18.10541566
Guatemala,2001,12.7867245
Guatemala,2002,12.34387995
Guatemala,2003,11.96207963
Guatemala,2004,11.64949877
Guatemala,2005,11.45108958
Guatemala,2006,11.53151324
Guatemala,2007,12.23937668
Guatemala,2008,12.77003655
Guatemala,2009,12.91232373
Guatemala,2010,13.30726196
Guatemala,2011,13.76925504
Guatemala,2012,14.28241981
Guatemala,2013,14.86064223
Guatemala,2014,15.56224435
Guatemala,2015,16.21190003
Guatemala,2016,16.69192068
Guatemala,2017,17.18351502
Guatemala,2018,17.77748249
Guatemala,2019,18.48595878
Guatemala,2020,18.15900819
Guatemala,2021,19.61705821
Guatemala,2022,20.46166048
Guinea,2000,6.859273187
Guinea,2001,7.286919381
Guinea,2002,7.02105977
Guinea,2003,8.40546234
Guinea,2004,7.994402114
Guinea,2005,7.848588506
Guinea,2006,7.427512288
Guinea,2007,7.421728554
Guinea,2008,7.524252584
Guinea,2009,7.241083914
Guinea,2010,7.297504133
Guinea,2011,7.647966807
Guinea,2012,7.628582179
Guinea,2013,7.677941567
Guinea,2014,7.756856326
Guinea,2015,7.774731956
Guinea,2016,8.485984476
Guinea,2017,8.820293439
Guinea,2018,9.105964372
Guinea,2019,9.010643394
Guinea,2020,9.54588826
Guinea,2021,9.982553675
Guinea,2022,10.4517337
Guinea-Bissau,2000,2.265098025
Guinea-Bissau,2001,2.425902681
Guinea-Bissau,2002,2.164160232
Guinea-Bissau,2003,2.196441458
Guinea-Bissau,2004,2.190202341
Guinea-Bissau,2005,2.186683515
Guinea-Bissau,2006,2.317020477
Guinea-Bissau,2007,2.370242991
Guinea-Bissau,2008,2.336046721
Guinea-Bissau,2009,2.497407191
Guinea-Bissau,2010,2.539461943
Guinea-Bissau,2011,2.767795885
Guinea-Bissau,2012,2.656269326
Guinea-Bissau,2013,2.888138299
Guinea-Bissau,2014,3.004333586
Guinea-Bissau,2015,2.777554795
Guinea-Bissau,2016,2.961453213
Guinea-Bissau,2017,2.919062274
Guinea-Bissau,2018,4.357962302
Guinea-Bissau,2019,4.66694786
Guinea-Bissau,2020,4.548292869
Guinea-Bissau,2021,4.932571572
Guinea-Bissau,2022,5.14472641
Guyana,2010,2.06504203
Guyana,2011,2.15747682
Guyana,2012,2.223355447
Guyana,2013,2.216439142
Guyana,2014,2.195960208
Guyana,2015,2.13144621
Guyana,2016,2.274517163
Guyana,2017,2.259852974
Guyana,2018,2.414843772
Guyana,2019,2.584904799
Guyana,2020,3.925542562
Guyana,2021,4.922901497
Guyana,2022,8.61462208
Haiti,2000,6.282233669
Haiti,2001,6.228155657
Haiti,2002,6.167250597
Haiti,2003,6.232975287
Haiti,2004,6.187008273
Haiti,2005,6.185878994
Haiti,2006,6.388661953
Haiti,2007,6.575386542
Haiti,2008,6.745362128
Haiti,2009,6.949076139
Haiti,2010,6.737493513
Haiti,2011,7.026509607
Haiti,2012,7.079394227
Haiti,2013,7.665743589
Haiti,2014,7.746729749
Haiti,2015,7.869960182
Haiti,2016,7.938718666
Haiti,2017,8.106300793
Haiti,2018,8.289459627
Haiti,2019,8.233873985
Haiti,2020,7.344347958
Haiti,2021,7.674801879
Haiti,2022,7.588667827
Honduras,2003,6.857656709
Honduras,2004,7.251388073
Honduras,2005,7.702755244
Honduras,2006,8.298201154
Honduras,2007,8.903006321
Honduras,2008,9.412564991
Honduras,2009,9.328224434
Honduras,2010,9.589748442
Honduras,2011,9.736119591
Honduras,2012,10.21489687
Honduras,2013,10.6848814
Honduras,2014,10.79996993
Honduras,2015,11.1867908
Honduras,2016,11.58281543
Honduras,2017,12.03584597
Honduras,2018,12.56341251
Honduras,2019,13.00673344
Honduras,2020,11.79721745
Honduras,2021,13.14345544
Honduras,2022,13.54690403
Hungary,2000,12.3929887
Hungary,2001,13.31151515
Hungary,2002,14.43911031
Hungary,2003,14.82372992
Hungary,2004,15.44180612
Hungary,2005,17.02757665
Hungary,2006,17.78032163
Hungary,2007,17.54046911
Hungary,2008,17.99551569
Hungary,2009,17.08887931
Hungary,2010,17.60306481
Hungary,2011,18.14526106
Hungary,2012,18.12264544
Hungary,2013,20.35022578
Hungary,2014,22.99727875
Hungary,2015,23.4152105
Hungary,2016,23.85185413
Hungary,2017,24.19154986
Hungary,2018,24.40693114
Hungary,2019,27.52536387
Hungary,2020,24.67521109
Hungary,2021,27.04108442
Hungary,2022,25.96422108
Iceland,2014,51.44825436
Iceland,2015,53.15311989
Iceland,2016,60.82831898
Iceland,2017,59.23534096
Iceland,2018,62.27207981
Iceland,2019,63.63714221
Iceland,2020,58.93942887
Iceland,2021,61.42317904
Iceland,2022,65.88254869
India,2000,1.074295358
India,2001,1.111880096
India,2002,1.135378168
India,2003,1.194824364
India,2004,1.306322153
India,2005,1.358621529
India,2006,1.463797126
India,2007,1.55739693
India,2008,1.626054498
India,2009,1.721964842
India,2010,1.808358845
India,2011,1.905753362
India,2012,2.007138772
India,2013,2.128768709
India,2014,2.285156709
India,2015,2.45220703
India,2016,2.637648464
India,2017,2.814614928
India,2018,2.996197979
India,2019,3.128950961
India,2020,2.948073865
India,2021,3.208575259
India,2022,3.420498871
Indonesia,2005,2.807108507
Indonesia,2006,2.856953622
Indonesia,2007,2.913531016
Indonesia,2008,2.959963835
Indonesia,2009,2.972636665
Indonesia,2010,3.055103561
Indonesia,2011,3.17874514
Indonesia,2012,3.265138575
Indonesia,2013,3.338105263
Indonesia,2014,3.409359854
Indonesia,2015,3.508842577
Indonesia,2016,3.63816019
Indonesia,2017,3.818011927
Indonesia,2018,4.014112666
Indonesia,2019,4.214317153
Indonesia,2020,4.123609967
Indonesia,2021,4.270326431
Indonesia,2022,4.503342504
Iran (Islamic Republic of),2000,2.681798606
Iran (Islamic Republic of),2001,2.711961791
Iran (Islamic Republic of),2002,2.900183717
Iran (Islamic Republic of),2003,3.108075005
Iran (Islamic Republic of),2004,3.280089362
Iran (Islamic Republic of),2005,3.469446625
Iran (Islamic Republic of),2006,3.666516452
Iran (Islamic Republic of),2007,3.931898382
Iran (Islamic Republic of),2008,3.968514695
Iran (Islamic Republic of),2009,4.002562761
Iran (Islamic Republic of),2010,4.305164106
Iran (Islamic Republic of),2011,4.437417887
Iran (Islamic Republic of),2012,4.218801498
Iran (Islamic Republic of),2013,4.105010332
Iran (Islamic Republic of),2014,4.234778146
Iran (Islamic Republic of),2015,4.142928836
Iran (Islamic Republic of),2016,4.468105533
Iran (Islamic Republic of),2017,4.591690563
Iran (Islamic Republic of),2018,4.461804835
Iran (Islamic Republic of),2019,4.103069902
Iran (Islamic Republic of),2020,4.018644399
Iran (Islamic Republic of),2021,4.153720695
Iran (Islamic Republic of),2022,4.230851515
Iraq,2000,1.247146285
Iraq,2001,1.272763654
Iraq,2002,1.205422653
Iraq,2003,1.001061807
Iraq,2004,1.548139828
Iraq,2005,1.626827588
Iraq,2006,1.783811364
Iraq,2007,1.886678704
Iraq,2008,2.134003171
Iraq,2009,2.261336656
Iraq,2010,2.514719137
Iraq,2011,2.813966814
Iraq,2012,3.346348329
Iraq,2013,3.746641694
Iraq,2014,3.91835065
Iraq,2015,4.738420283
Iraq,2016,4.893725702
Iraq,2017,4.333042772
Iraq,2018,5.707279289
Iraq,2019,3.589496665
Iraq,2020,3.878666946
Iraq,2021,4.20893608
Iraq,2022,4.509436224
Ireland,2000,137.8117253
Ireland,2001,150.2678624
Ireland,2002,163.6443643
Ireland,2003,163.660622
Ireland,2004,167.8390116
Ireland,2005,224.1791083
Ireland,2006,202.6626712
Ireland,2007,275.4195148
Ireland,2008,222.8889556
Ireland,2009,244.3137147
Ireland,2010,205.4816958
Ireland,2011,202.0089875
Ireland,2012,198.9686999
Ireland,2013,192.9107132
Ireland,2014,199.4438796
Ireland,2015,251.5009651
Ireland,2016,247.0694954
Ireland,2017,224.7489856
Ireland,2018,214.2407594
Ireland,2019,224.2541611
Ireland,2020,241.0844592
Ireland,2021,268.4045913
Ireland,2022,280.5318271
Israel,2000,82.99560774
Israel,2001,85.24852744
Israel,2002,86.37846485
Israel,2003,86.31559242
Israel,2004,86.22316348
Israel,2005,91.02975403
Israel,2006,97.73965684
Israel,2007,104.8599169
Israel,2008,110.9935799
Israel,2009,113.5753212
Israel,2010,116.1684584
Israel,2011,120.4536299
Israel,2012,121.8605144
Israel,2013,124.3818429
Israel,2014,126.231856
Israel,2015,127.2710568
Israel,2016,125.4429761
Israel,2017,128.7964856
Israel,2018,136.2937605
Israel,2019,139.7238481
Israel,2020,133.2996821
Israel,2021,131.9443103
Israel,2022,141.1977359
Italy,2000,35.63908727
Italy,2001,38.03835473
Italy,2002,39.76457197
Italy,2003,41.69772618
Italy,2004,44.04252941
Italy,2005,46.43001051
Italy,2006,49.16827732
Italy,2007,52.43576832
Italy,2008,32.7015239
Italy,2009,49.44639908
Italy,2010,49.68168667
Italy,2011,49.94149466
Italy,2012,48.29763421
Italy,2013,47.30769889
Italy,2014,47.24765375
Italy,2015,47.58989509
Italy,2016,48.22189016
Italy,2017,49.27967666
Italy,2018,49.96399681
Italy,2019,49.99555795
Italy,2020,45.49861334
Italy,2021,47.98341063
Italy,2022,50.00809448
Jamaica,2000,12.93804181
Jamaica,2001,13.17055818
Jamaica,2002,13.48652851
Jamaica,2003,14.09290874
Jamaica,2004,14.29056894
Jamaica,2005,14.52223508
Jamaica,2006,13.5551769
Jamaica,2007,12.65391461
Jamaica,2008,11.68376673
Jamaica,2009,10.46287545
Jamaica,2010,9.479948991
Jamaica,2011,9.044717717
Jamaica,2012,8.427898695
Jamaica,2013,7.930542539
Jamaica,2014,7.554292046
Jamaica,2015,14.2015563
Jamaica,2016,8.699049635
Jamaica,2017,10.22463612
Jamaica,2018,12.76623001
Jamaica,2019,16.4185404
Jamaica,2020,20.96017359
Jamaica,2021,24.65529948
Jamaica,2022,25.38584915
Japan,2000,43.86711024
Japan,2001,45.279869
Japan,2002,47.17061699
Japan,2003,48.04358189
Japan,2004,49.39227061
Japan,2005,50.67322655
Japan,2006,51.55810602
Japan,2007,52.49337557
Japan,2008,52.1961239
Japan,2009,49.68722286
Japan,2010,51.84669118
Japan,2011,51.76431426
Japan,2012,52.58399198
Japan,2013,53.70795944
Japan,2014,54.0047906
Japan,2015,55.0859633
Japan,2016,55.83411619
Japan,2017,56.96198688
Japan,2018,57.57264967
Japan,2019,57.78261955
Japan,2020,54.38401374
Japan,2021,55.79853728
Japan,2022,56.31530925
Jordan,2000,18.81299038
Jordan,2001,21.14460968
Jordan,2002,21.84266031
Jordan,2003,22.87502014
Jordan,2004,23.77500925
Jordan,2005,23.98134469
Jordan,2006,26.1918281
Jordan,2007,28.7239711
Jordan,2008,30.43848501
Jordan,2009,33.99839961
Jordan,2010,32.96693938
Jordan,2011,33.71429703
Jordan,2012,36.60495175
Jordan,2013,35.45353395
Jordan,2014,32.19736714
Jordan,2015,33.49145113
Jordan,2016,32.96714626
Jordan,2017,33.24930875
Jordan,2018,33.00098603
Jordan,2019,32.96274487
Jordan,2020,32.58861956
Jordan,2021,33.29501895
Jordan,2022,34.15066752
Kazakhstan,2000,2.705533326
Kazakhstan,2001,3.075220162
Kazakhstan,2002,3.18295585
Kazakhstan,2003,3.396658625
Kazakhstan,2004,3.687731671
Kazakhstan,2005,3.894139265
Kazakhstan,2006,5.100281082
Kazakhstan,2007,5.228520044
Kazakhstan,2008,6.040422814
Kazakhstan,2009,5.816512945
Kazakhstan,2010,5.626997551
Kazakhstan,2011,6.212781966
Kazakhstan,2012,6.790264801
Kazakhstan,2013,6.761222564
Kazakhstan,2014,6.996779131
Kazakhstan,2015,7.707896635
Kazakhstan,2016,6.983053791
Kazakhstan,2017,7.322140467
Kazakhstan,2018,7.86644503
Kazakhstan,2019,8.152947703
Kazakhstan,2020,7.636304997
Kazakhstan,2021,8.000302776
Kazakhstan,2022,7.948937233
Kenya,2000,16.94646109
Kenya,2001,15.80429624
Kenya,2002,14.13325043
Kenya,2003,13.11825465
Kenya,2004,12.97724156
Kenya,2005,13.27097803
Kenya,2006,13.57938418
Kenya,2007,13.82317146
Kenya,2008,13.13850263
Kenya,2009,12.90906783
Kenya,2010,13.18996476
Kenya,2011,13.7442964
Kenya,2012,14.39193124
Kenya,2013,14.95502073
Kenya,2014,15.87776261
Kenya,2015,16.46763118
Kenya,2016,13.63765563
Kenya,2017,13.92747313
Kenya,2018,14.70286973
Kenya,2019,15.37205021
Kenya,2020,15.02648271
Kenya,2021,16.35968044
Kenya,2022,17.253933
Kuwait,2000,75.48953363
Kuwait,2001,72.70834534
Kuwait,2002,72.01490805
Kuwait,2003,81.15130386
Kuwait,2004,86.42799468
Kuwait,2005,93.04532976
Kuwait,2006,98.74752595
Kuwait,2007,103.7724405
Kuwait,2008,104.2295163
Kuwait,2009,96.456987
Kuwait,2010,100.4291444
Kuwait,2011,106.9526601
Kuwait,2012,112.5328653
Kuwait,2013,111.9838041
Kuwait,2014,112.4691451
Kuwait,2015,113.5901504
Kuwait,2016,111.9575783
Kuwait,2017,101.5321433
Kuwait,2018,103.7760223
Kuwait,2019,103.9370788
Kuwait,2020,95.94733846
Kuwait,2021,96.00238377
Kuwait,2022,104.8827014
Kyrgyzstan,2000,0.3077218
Kyrgyzstan,2001,0.335543456
Kyrgyzstan,2002,0.342868282
Kyrgyzstan,2003,0.378986694
Kyrgyzstan,2004,0.422601165
Kyrgyzstan,2005,0.438900751
Kyrgyzstan,2006,0.46464419
Kyrgyzstan,2007,0.507557608
Kyrgyzstan,2008,0.562185221
Kyrgyzstan,2009,0.60615494
Kyrgyzstan,2010,0.615283349
Kyrgyzstan,2011,0.650413459
Kyrgyzstan,2012,0.635706782
Kyrgyzstan,2013,0.700854524
Kyrgyzstan,2014,0.729827956
Kyrgyzstan,2015,0.777040161
Kyrgyzstan,2016,0.796441248
Kyrgyzstan,2017,0.836812652
Kyrgyzstan,2018,0.861293505
Kyrgyzstan,2019,0.9121523
Kyrgyzstan,2020,0.857064979
Kyrgyzstan,2021,0.882133234
Kyrgyzstan,2022,0.92947877
Land Locked Developing Countries,2000,1.174640802
Land Locked Developing Countries,2001,1.269823023
Land Locked Developing Countries,2002,1.326148386
Land Locked Developing Countries,2003,1.383381768
Land Locked Developing Countries,2004,1.460184301
Land Locked Developing Countries,2005,1.558824519
Land Locked Developing Countries,2006,1.771031186
Land Locked Developing Countries,2007,1.940905941
Land Locked Developing Countries,2008,2.085653439
Land Locked Developing Countries,2009,2.18282554
Land Locked Developing Countries,2010,2.356375679
Land Locked Developing Countries,2011,2.49966664
Land Locked Developing Countries,2012,2.637883005
Land Locked Developing Countries,2013,2.777363399
Land Locked Developing Countries,2014,2.970666958
Land Locked Developing Countries,2015,3.06720768
Land Locked Developing Countries,2016,3.099602067
Land Locked Developing Countries,2017,3.196043708
Land Locked Developing Countries,2018,3.351910453
Land Locked Developing Countries,2019,3.498488466
Land Locked Developing Countries,2020,3.54417548
Land Locked Developing Countries,2021,4.001723877
Land Locked Developing Countries,2022,4.052097197
Lao People's Democratic Republic,2005,1.423640595
Lao People's Democratic Republic,2006,1.233025227
Lao People's Democratic Republic,2007,1.307242152
Lao People's Democratic Republic,2008,1.322213887
Lao People's Democratic Republic,2009,1.336162977
Lao People's Democratic Republic,2010,1.360072051
Lao People's Democratic Republic,2011,1.343254501
Lao People's Democratic Republic,2012,1.36735361
Lao People's Democratic Republic,2013,1.383815646
Lao People's Democratic Republic,2014,1.399127639
Lao People's Democratic Republic,2015,1.427885703
Lao People's Democratic Republic,2016,1.54737421
Lao People's Democratic Republic,2017,1.749127363
Lao People's Democratic Republic,2018,1.873922792
Lao People's Democratic Republic,2019,1.973910628
Lao People's Democratic Republic,2020,2.038137378
Lao People's Democratic Republic,2021,2.081983306
Lao People's Democratic Republic,2022,1.909559799
Latin America and the Caribbean,2000,13.4896114
Latin America and the Caribbean,2001,13.11643034
Latin America and the Caribbean,2002,12.56253354
Latin America and the Caribbean,2003,12.28645536
Latin America and the Caribbean,2004,12.69452746
Latin America and the Caribbean,2005,13.02091154
Latin America and the Caribbean,2006,13.50741318
Latin America and the Caribbean,2007,13.8290704
Latin America and the Caribbean,2008,13.38211785
Latin America and the Caribbean,2009,12.62248017
Latin America and the Caribbean,2010,12.91045368
Latin America and the Caribbean,2011,13.42183498
Latin America and the Caribbean,2012,13.56165107
Latin America and the Caribbean,2013,13.90453803
Latin America and the Caribbean,2014,13.84659996
Latin America and the Caribbean,2015,13.77047863
Latin America and the Caribbean,2016,13.30349364
Latin America and the Caribbean,2017,13.32012829
Latin America and the Caribbean,2018,13.25962943
Latin America and the Caribbean,2019,13.08662838
Latin America and the Caribbean,2020,12.14057872
Latin America and the Caribbean,2021,13.2688782
Latin America and the Caribbean,2022,13.70504578
Latvia,2007,113.7795428
Latvia,2008,107.8494083
Latvia,2009,88.86997412
Latvia,2010,80.20866969
Latvia,2011,79.45056906
Latvia,2012,82.48483287
Latvia,2013,88.19814177
Latvia,2014,131.8088058
Latvia,2015,130.4195111
Latvia,2016,126.255236
Latvia,2017,137.3227892
Latvia,2018,136.0305437
Latvia,2019,140.5981216
Latvia,2020,133.6961372
Latvia,2021,140.1589389
Latvia,2022,155.0039624
Least Developed Countries,2000,2.00981623
Least Developed Countries,2001,2.085677238
Least Developed Countries,2002,2.156349359
Least Developed Countries,2003,2.268035869
Least Developed Countries,2004,2.405904983
Least Developed Countries,2005,2.528461664
Least Developed Countries,2006,2.696518156
Least Developed Countries,2007,2.944013507
Least Developed Countries,2008,2.536591639
Least Developed Countries,2009,2.641754441
Least Developed Countries,2010,2.830587271
Least Developed Countries,2011,2.966655417
Least Developed Countries,2012,3.442666273
Least Developed Countries,2013,3.663282078
Least Developed Countries,2014,3.881775292
Least Developed Countries,2015,4.015560723
Least Developed Countries,2016,4.166416866
Least Developed Countries,2017,4.372727964
Least Developed Countries,2018,4.611390012
Least Developed Countries,2019,4.845013864
Least Developed Countries,2020,4.866048971
Least Developed Countries,2021,5.036346297
Least Developed Countries,2022,5.237345594
Lebanon,2000,17.14853531
Lebanon,2001,18.89389763
Lebanon,2002,19.23738403
Lebanon,2003,19.20093033
Lebanon,2004,19.61020754
Lebanon,2005,21.04233718
Lebanon,2006,21.12632362
Lebanon,2007,21.94052086
Lebanon,2008,23.64949005
Lebanon,2009,24.30088261
Lebanon,2010,25.63048871
Lebanon,2011,25.65996301
Lebanon,2012,25.59028235
Lebanon,2013,25.80235555
Lebanon,2014,26.09866267
Lebanon,2015,25.15321108
Lebanon,2016,25.57300967
Lebanon,2017,25.87427773
Lebanon,2018,25.62565837
Lebanon,2019,24.09606359
Lebanon,2020,20.24206447
Lebanon,2021,18.04932048
Lebanon,2022,16.79989787
Lesotho,2000,25.70804937
Lesotho,2001,27.0540201
Lesotho,2002,28.0811655
Lesotho,2003,29.01600647
Lesotho,2004,29.50417919
Lesotho,2005,30.29901912
Lesotho,2006,32.59746944
Lesotho,2007,36.35194234
Lesotho,2008,38.73367876
Lesotho,2009,37.57059316
Lesotho,2010,38.69622809
Lesotho,2011,40.37995219
Lesotho,2012,42.22048235
Lesotho,2013,43.09948424
Lesotho,2014,44.52667013
Lesotho,2015,45.93931419
Lesotho,2016,46.85092748
Lesotho,2017,44.92387727
Lesotho,2018,44.51518743
Lesotho,2019,43.66271494
Lesotho,2020,40.30518322
Lesotho,2021,40.55342084
Lesotho,2022,40.19757803
Liberia,2000,2.367831768
Liberia,2001,2.210883265
Liberia,2002,2.142802768
Liberia,2003,1.48316099
Liberia,2004,1.762903761
Liberia,2005,1.680927455
Liberia,2006,1.911048293
Liberia,2007,2.481554511
Liberia,2008,2.560346554
Liberia,2009,2.886017284
Liberia,2010,2.944224277
Liberia,2011,2.80966181
Liberia,2012,3.589994777
Liberia,2013,4.3830087
Liberia,2014,5.645258721
Liberia,2015,4.786877406
Liberia,2016,4.196268229
Liberia,2017,4.306449118
Liberia,2018,4.625134658
Liberia,2019,4.381296779
Liberia,2020,4.265101203
Liberia,2021,4.447356611
Liberia,2022,4.684007548
Libya,2000,12.61202395
Libya,2001,12.35131896
Libya,2002,12.49373344
Libya,2003,14.1983399
Libya,2004,14.88814598
Libya,2005,16.57475066
Libya,2006,17.11721847
Libya,2007,17.87620843
Libya,2008,17.26580895
Libya,2009,15.96631551
Libya,2010,16.40427874
Libya,2011,8.455850214
Libya,2012,15.02231292
Libya,2013,12.66230638
Libya,2014,9.773682118
Libya,2015,9.106519001
Libya,2016,8.701494172
Libya,2017,11.40264786
Libya,2018,12.42911405
Libya,2019,11.04574158
Libya,2020,7.760835273
Libya,2021,9.978874908
Libya,2022,8.12699971
Lithuania,2005,11.81898537
Lithuania,2006,16.24106428
Lithuania,2007,14.72538603
Lithuania,2008,23.30921372
Lithuania,2009,23.11993002
Lithuania,2010,27.45648752
Lithuania,2011,35.28351338
Lithuania,2012,46.75337219
Lithuania,2013,67.45447941
Lithuania,2014,98.78154412
Lithuania,2015,91.17640471
Lithuania,2016,119.8242609
Lithuania,2017,147.6141127
Lithuania,2018,157.5699743
Lithuania,2019,129.8772949
Lithuania,2020,103.4589652
Lithuania,2021,124.2288901
Lithuania,2022,151.9403262
Luxembourg,2002,676.5418582
Luxembourg,2003,711.8221081
Luxembourg,2004,754.5378148
Luxembourg,2005,794.198436
Luxembourg,2006,874.086332
Luxembourg,2007,965.9174649
Luxembourg,2008,996.6221651
Luxembourg,2009,992.2366555
Luxembourg,2010,1021.909466
Luxembourg,2011,1007.250574
Luxembourg,2012,1112.860895
Luxembourg,2013,1186.768516
Luxembourg,2014,1146.234812
Luxembourg,2015,1223.344326
Luxembourg,2016,1294.911326
Luxembourg,2017,1273.129342
Luxembourg,2018,1122.444253
Luxembourg,2019,1224.244033
Luxembourg,2020,1189.976993
Luxembourg,2021,1394.294841
Luxembourg,2022,1362.012611
Madagascar,2000,0.419922782
Madagascar,2001,0.457568733
Madagascar,2002,0.403890199
Madagascar,2003,0.447060168
Madagascar,2004,0.464913758
Madagascar,2005,0.482875484
Madagascar,2006,0.518572904
Madagascar,2007,0.564346897
Madagascar,2008,0.610214394
Madagascar,2009,0.580013292
Madagascar,2010,0.585664964
Madagascar,2011,0.596498689
Madagascar,2012,0.620321843
Madagascar,2013,0.638457944
Madagascar,2014,0.662668396
Madagascar,2015,0.680170104
Madagascar,2016,0.711014309
Madagascar,2017,0.743273232
Madagascar,2018,0.755810837
Madagascar,2019,0.804369777
Madagascar,2020,0.727300852
Madagascar,2021,0.781465204
Madagascar,2022,0.799160536
Malawi,2000,1.505840319
Malawi,2001,1.385633844
Malawi,2002,1.373355905
Malawi,2003,1.463400352
Malawi,2004,1.486208624
Malawi,2005,1.546999434
Malawi,2006,1.705582086
Malawi,2007,1.982251197
Malawi,2008,2.143015664
Malawi,2009,2.30698025
Malawi,2010,2.498199199
Malawi,2011,2.781465788
Malawi,2012,3.00408703
Malawi,2013,3.360110972
Malawi,2014,3.771601844
Malawi,2015,4.196181024
Malawi,2016,4.634307522
Malawi,2017,5.166115884
Malawi,2018,5.466056313
Malawi,2019,5.711800474
Malawi,2020,5.635527053
Malawi,2021,5.790768818
Malawi,2022,5.687926724
Malaysia,2000,25.81450099
Malaysia,2001,26.13563055
Malaysia,2002,27.12698432
Malaysia,2003,28.5493724
Malaysia,2004,30.4165645
Malaysia,2005,31.14579781
Malaysia,2006,32.85428186
Malaysia,2007,34.47364747
Malaysia,2008,36.02820696
Malaysia,2009,35.86238168
Malaysia,2010,38.26194777
Malaysia,2011,39.65198946
Malaysia,2012,42.56975665
Malaysia,2013,44.70042576
Malaysia,2014,47.63971432
Malaysia,2015,50.23488231
Malaysia,2016,52.11737854
Malaysia,2017,55.14417191
Malaysia,2018,58.50526906
Malaysia,2019,61.46395653
Malaysia,2020,57.4808198
Malaysia,2021,58.43242851
Malaysia,2022,63.8517696
Mali,2000,0.471460114
Mali,2001,0.511640989
Mali,2002,0.544563075
Mali,2003,0.632980091
Mali,2004,0.584129374
Mali,2005,0.629390598
Mali,2006,0.734833054
Mali,2007,0.794675682
Mali,2008,0.859539962
Mali,2009,0.947662332
Mali,2010,1.043940621
Mali,2011,1.104251789
Mali,2012,1.169939989
Mali,2013,1.275291231
Mali,2014,1.377334952
Mali,2015,1.459712058
Mali,2016,1.554138342
Mali,2017,1.665092595
Mali,2018,1.790571887
Mali,2019,1.911241747
Mali,2020,1.962521351
Mali,2021,2.045876726
Mali,2022,2.179814544
Malta,2000,102.4533574
Malta,2001,100.0536954
Malta,2002,108.4743035
Malta,2003,118.6318242
Malta,2004,122.0356341
Malta,2005,134.1170026
Malta,2006,139.6904927
Malta,2007,142.6493181
Malta,2008,162.0240705
Malta,2009,177.354497
Malta,2010,187.4074814
Malta,2011,187.0444881
Malta,2012,196.1779401
Malta,2013,181.1076108
Malta,2014,138.035437
Malta,2015,148.4604344
Malta,2016,158.8309493
Malta,2017,169.2618898
Malta,2018,187.4830638
Malta,2019,205.7120776
Malta,2020,190.7040879
Malta,2021,220.5143591
Malta,2022,237.5429038
Mauritania,2000,1.616556361
Mauritania,2001,1.674341039
Mauritania,2002,1.775733519
Mauritania,2003,1.979142413
Mauritania,2004,2.1752756
Mauritania,2005,2.438167587
Mauritania,2006,3.002021814
Mauritania,2007,2.86490971
Mauritania,2008,2.871469662
Mauritania,2009,2.871745727
Mauritania,2010,3.021172023
Mauritania,2011,3.208348322
Mauritania,2012,3.209559359
Mauritania,2013,3.351868887
Mauritania,2014,3.362135588
Mauritania,2015,3.401262437
Mauritania,2016,3.450890687
Mauritania,2017,3.608691003
Mauritania,2018,3.762318786
Mauritania,2019,4.091680872
Mauritania,2020,4.193221179
Mauritania,2021,4.291882564
Mauritania,2022,4.608097533
Mauritius,2002,8.251331634
Mauritius,2003,8.22859161
Mauritius,2004,8.720601674
Mauritius,2005,9.191530327
Mauritius,2006,10.34723384
Mauritius,2007,11.85361542
Mauritius,2008,10.32332971
Mauritius,2009,13.01223417
Mauritius,2010,13.21611312
Mauritius,2011,15.49205865
Mauritius,2012,15.68408314
Mauritius,2013,15.64273442
Mauritius,2014,16.00312501
Mauritius,2015,16.80925315
Mauritius,2016,17.08227045
Mauritius,2017,17.94390617
Mauritius,2018,19.297592
Mauritius,2019,19.7417248
Mauritius,2020,16.67785925
Mauritius,2021,17.42969395
Mauritius,2022,17.8909226
Mexico,2001,12.74170083
Mexico,2002,12.03351872
Mexico,2003,11.82955641
Mexico,2004,12.20628646
Mexico,2005,12.34916546
Mexico,2006,12.85363627
Mexico,2007,12.84147657
Mexico,2008,12.99120123
Mexico,2009,11.86369692
Mexico,2010,12.48424676
Mexico,2011,13.03665252
Mexico,2012,13.14857359
Mexico,2013,13.33232171
Mexico,2014,12.97163837
Mexico,2015,13.11630919
Mexico,2016,13.12205324
Mexico,2017,13.27978174
Mexico,2018,13.38603669
Mexico,2019,13.23160408
Mexico,2020,11.97817557
Mexico,2021,12.6202401
Mexico,2022,13.28670543
Mongolia,2000,5.451748253
Mongolia,2001,5.688314467
Mongolia,2002,6.193404908
Mongolia,2003,6.622925716
Mongolia,2004,7.040453065
Mongolia,2005,7.531416398
Mongolia,2006,8.232677492
Mongolia,2007,8.954656461
Mongolia,2008,9.585169587
Mongolia,2009,9.657890604
Mongolia,2010,10.71490155
Mongolia,2011,12.90211224
Mongolia,2012,15.19914842
Mongolia,2013,17.18211161
Mongolia,2014,19.90607652
Mongolia,2015,21.21415239
Mongolia,2016,20.35936491
Mongolia,2017,21.63959399
Mongolia,2018,22.7343691
Mongolia,2019,24.11752125
Mongolia,2020,22.96253053
Mongolia,2021,23.09892368
Mongolia,2022,24.1234411
Montenegro,2010,5.365059961
Montenegro,2011,4.105709885
Montenegro,2012,3.203665663
Montenegro,2013,2.667330744
Montenegro,2014,2.282654438
Montenegro,2015,2.111343994
Montenegro,2016,1.943984728
Montenegro,2017,1.82297485
Montenegro,2018,1.742098029
Montenegro,2019,1.654626757
Montenegro,2020,1.300558568
Montenegro,2021,1.106962512
Montenegro,2022,1.645449417
Morocco,2000,3.099320353
Morocco,2001,3.017710855
Morocco,2002,2.884310972
Morocco,2003,3.193771576
Morocco,2004,3.525927242
Morocco,2005,3.825988814
Morocco,2006,4.223554852
Morocco,2007,4.614570287
Morocco,2008,5.209118826
Morocco,2009,5.915441545
Morocco,2010,6.651289327
Morocco,2011,7.374915479
Morocco,2012,7.711217409
Morocco,2013,8.047541655
Morocco,2014,8.481568517
Morocco,2015,8.604597205
Morocco,2016,9.013886254
Morocco,2017,9.523451882
Morocco,2018,9.791510062
Morocco,2019,10.20406949
Morocco,2020,9.601818651
Morocco,2021,10.24384681
Morocco,2022,10.85076976
Mozambique,2000,3.901007616
Mozambique,2001,4.46981061
Mozambique,2002,4.57725759
Mozambique,2003,4.619668793
Mozambique,2004,4.796337243
Mozambique,2005,4.870267719
Mozambique,2006,5.127739819
Mozambique,2007,5.397168912
Mozambique,2008,5.356940755
Mozambique,2009,5.431169251
Mozambique,2010,5.655001978
Mozambique,2011,5.899400222
Mozambique,2012,6.278905996
Mozambique,2013,6.520913896
Mozambique,2014,6.868952289
Mozambique,2015,7.216960318
Mozambique,2016,7.562595416
Mozambique,2017,7.630580763
Mozambique,2018,7.966685687
Mozambique,2019,8.101463743
Mozambique,2020,7.74682609
Mozambique,2021,7.770668658
Mozambique,2022,8.422878929
Myanmar,2000,0.247413984
Myanmar,2001,0.275745723
Myanmar,2002,0.319060962
Myanmar,2003,0.380354825
Myanmar,2004,0.4440747
Myanmar,2005,0.523402027
Myanmar,2006,0.620427573
Myanmar,2007,0.698731068
Myanmar,2008,0.792398908
Myanmar,2009,0.893298451
Myanmar,2010,0.995074466
Myanmar,2011,1.091175934
Myanmar,2012,1.190186884
Myanmar,2013,1.301890183
Myanmar,2014,1.425810323
Myanmar,2015,1.538727122
Myanmar,2016,1.615276772
Myanmar,2017,1.726239661
Myanmar,2018,1.824572561
Myanmar,2019,1.928940981
Myanmar,2020,1.891854045
Myanmar,2021,1.919865728
Myanmar,2022,1.996089303
Namibia,2000,15.0573259
Namibia,2001,16.01498366
Namibia,2002,16.90529405
Namibia,2003,18.03240034
Namibia,2004,20.23612471
Namibia,2005,20.40414009
Namibia,2006,22.28314013
Namibia,2007,23.97961038
Namibia,2008,24.93807643
Namibia,2009,24.73332561
Namibia,2010,26.28041401
Namibia,2011,28.43939123
Namibia,2012,29.85319758
Namibia,2013,30.94041438
Namibia,2014,32.9214596
Namibia,2015,34.87360077
Namibia,2016,34.86677441
Namibia,2017,34.36667603
Namibia,2018,34.82121617
Namibia,2019,34.91798147
Namibia,2020,60.42664243
Namibia,2021,68.62693733
Namibia,2022,33.27996638
Nepal,2006,1.450648654
Nepal,2007,1.512529923
Nepal,2008,1.619224664
Nepal,2009,1.694887133
Nepal,2010,1.776444952
Nepal,2011,1.863238779
Nepal,2012,1.950366549
Nepal,2013,2.002560832
Nepal,2014,2.111433122
Nepal,2015,2.188289388
Nepal,2016,2.188811368
Nepal,2017,2.352733783
Nepal,2018,2.497953181
Nepal,2019,2.650444371
Nepal,2020,2.633344512
Nepal,2021,2.670986947
Nepal,2022,2.824690701
Netherlands (Kingdom of the),2003,55.97295376
Netherlands (Kingdom of the),2004,54.23448837
Netherlands (Kingdom of the),2005,52.26406247
Netherlands (Kingdom of the),2006,55.19874084
Netherlands (Kingdom of the),2007,59.38262556
Netherlands (Kingdom of the),2008,62.21953157
Netherlands (Kingdom of the),2009,59.64056301
Netherlands (Kingdom of the),2010,59.74186529
Netherlands (Kingdom of the),2011,61.20011457
Netherlands (Kingdom of the),2012,61.56201742
Netherlands (Kingdom of the),2013,66.5550894
Netherlands (Kingdom of the),2014,74.59690121
Netherlands (Kingdom of the),2015,80.57015809
Netherlands (Kingdom of the),2016,85.79153955
Netherlands (Kingdom of the),2017,89.52707527
Netherlands (Kingdom of the),2018,90.14437032
Netherlands (Kingdom of the),2019,88.11401254
Netherlands (Kingdom of the),2020,85.77768856
Netherlands (Kingdom of the),2021,94.55865849
Netherlands (Kingdom of the),2022,96.48311035
New Zealand,2002,36.25813301
New Zealand,2003,33.63506867
New Zealand,2004,31.20579583
New Zealand,2005,29.29798911
New Zealand,2006,27.37032667
New Zealand,2007,28.06532543
New Zealand,2008,27.2830448
New Zealand,2009,27.52849446
New Zealand,2010,27.28777122
New Zealand,2011,28.31284736
New Zealand,2012,29.38788834
New Zealand,2013,30.43773487
New Zealand,2014,31.82867891
New Zealand,2015,33.63996184
New Zealand,2016,35.45966472
New Zealand,2017,36.91813176
New Zealand,2018,38.11630893
New Zealand,2019,38.91761164
New Zealand,2020,38.60650845
New Zealand,2021,40.33094741
New Zealand,2022,41.4814168
Nicaragua,2000,3.894091239
Nicaragua,2001,3.964754055
Nicaragua,2002,3.977846159
Nicaragua,2003,4.074915198
Nicaragua,2004,4.242872703
Nicaragua,2005,4.318565856
Nicaragua,2006,4.457958974
Nicaragua,2007,4.624035347
Nicaragua,2008,4.803941894
Nicaragua,2009,4.72072781
Nicaragua,2010,4.888239301
Nicaragua,2011,5.125759092
Nicaragua,2012,5.615784534
Nicaragua,2013,6.08076455
Nicaragua,2014,6.480629313
Nicaragua,2015,6.973025175
Nicaragua,2016,7.513504659
Nicaragua,2017,7.998969879
Nicaragua,2018,7.993071565
Nicaragua,2019,7.808071051
Nicaragua,2020,7.644683874
Nicaragua,2021,8.329101449
Nicaragua,2022,8.501914888
Niger,2000,3.637630233
Niger,2001,3.389246299
Niger,2002,3.275385614
Niger,2003,3.267018084
Niger,2004,3.228992822
Niger,2005,3.262547283
Niger,2006,3.285989586
Niger,2007,3.169913256
Niger,2008,3.282978796
Niger,2009,3.371734665
Niger,2010,3.429585217
Niger,2011,3.512943523
Niger,2012,3.940491364
Niger,2013,3.815610472
Niger,2014,3.692518771
Niger,2015,3.43493309
Niger,2016,3.487960082
Niger,2017,4.005055389
Niger,2018,2.672980874
Niger,2019,2.705645942
Niger,2020,2.758665682
Niger,2021,2.873859084
Niger,2022,3.175207893
Nigeria,2000,13.6191025
Nigeria,2001,13.52030509
Nigeria,2002,12.71344408
Nigeria,2003,13.99644555
Nigeria,2004,16.4356304
Nigeria,2005,17.3783184
Nigeria,2006,18.53104573
Nigeria,2007,19.4310615
Nigeria,2008,20.21767997
Nigeria,2009,21.12749234
Nigeria,2010,23.69669369
Nigeria,2011,25.40521755
Nigeria,2012,26.40348072
Nigeria,2013,28.44588682
Nigeria,2014,30.52360001
Nigeria,2015,31.1452391
Nigeria,2016,30.54615021
Nigeria,2017,30.76750612
Nigeria,2018,31.26489319
Nigeria,2019,31.69558833
Nigeria,2020,30.14684372
Nigeria,2021,31.45890682
Nigeria,2022,32.37631916
North Macedonia,2007,11.86370659
North Macedonia,2008,9.763489877
North Macedonia,2009,8.990109315
North Macedonia,2010,9.474479382
North Macedonia,2011,10.93981117
North Macedonia,2012,4.250981318
North Macedonia,2013,15.06005647
North Macedonia,2014,14.47996747
North Macedonia,2015,18.18654529
North Macedonia,2016,7.930124313
North Macedonia,2017,19.30993593
North Macedonia,2018,3.904165494
North Macedonia,2019,5.656838182
North Macedonia,2020,6.041341466
North Macedonia,2021,5.768503744
North Macedonia,2022,4.248870181
Northern Africa,2000,2.998295977
Northern Africa,2001,3.0265532
Northern Africa,2002,3.060417415
Northern Africa,2003,3.23663372
Northern Africa,2004,3.389430545
Northern Africa,2005,3.617462748
Northern Africa,2006,3.785770822
Northern Africa,2007,4.023665628
Northern Africa,2008,4.196679115
Northern Africa,2009,4.242669406
Northern Africa,2010,4.441689879
Northern Africa,2011,4.438078048
Northern Africa,2012,5.398185163
Northern Africa,2013,5.423405246
Northern Africa,2014,5.422488925
Northern Africa,2015,5.464234647
Northern Africa,2016,5.619754591
Northern Africa,2017,5.75301048
Northern Africa,2018,5.97209919
Northern Africa,2019,6.069011053
Northern Africa,2020,5.80424445
Northern Africa,2021,6.27852923
Northern Africa,2022,6.460145202
Northern Africa and Western Asia,2000,6.111348323
Northern Africa and Western Asia,2001,6.153608584
Northern Africa and Western Asia,2002,6.176864218
Northern Africa and Western Asia,2003,6.515551444
Northern Africa and Western Asia,2004,7.133776301
Northern Africa and Western Asia,2005,7.583835609
Northern Africa and Western Asia,2006,8.061595362
Northern Africa and Western Asia,2007,8.557921452
Northern Africa and Western Asia,2008,8.990440639
Northern Africa and Western Asia,2009,8.955209469
Northern Africa and Western Asia,2010,9.47313352
Northern Africa and Western Asia,2011,10.15770283
Northern Africa and Western Asia,2012,10.92400735
Northern Africa and Western Asia,2013,11.23256417
Northern Africa and Western Asia,2014,11.54577189
Northern Africa and Western Asia,2015,11.84810947
Northern Africa and Western Asia,2016,12.05360943
Northern Africa and Western Asia,2017,12.1294179
Northern Africa and Western Asia,2018,12.65475212
Northern Africa and Western Asia,2019,11.79611408
Northern Africa and Western Asia,2020,11.73563316
Northern Africa and Western Asia,2021,12.92542606
Northern Africa and Western Asia,2022,13.20848379
Northern America,2000,24.46450928
Northern America,2001,24.69063289
Northern America,2002,25.10230087
Northern America,2003,25.7383819
Northern America,2004,26.64721073
Northern America,2005,27.51280466
Northern America,2006,29.06013535
Northern America,2007,30.5840075
Northern America,2008,31.4911027
Northern America,2009,31.58260612
Northern America,2010,33.34071686
Northern America,2011,34.50343819
Northern America,2012,35.79618323
Northern America,2013,37.2737719
Northern America,2014,38.98112204
Northern America,2015,40.81182261
Northern America,2016,41.65635406
Northern America,2017,42.50250047
Northern America,2018,43.75921186
Northern America,2019,44.81657684
Northern America,2020,43.90279508
Northern America,2021,46.34106082
Northern America,2022,47.21468303
Norway,2005,109.0329246
Norway,2006,104.342741
Norway,2007,103.9994524
Norway,2008,109.4325465
Norway,2009,109.3430936
Norway,2010,111.1221676
Norway,2011,114.7106182
Norway,2012,119.8889587
Norway,2013,119.9437521
Norway,2014,121.1596141
Norway,2015,125.3835666
Norway,2016,128.2229713
Norway,2017,129.6267679
Norway,2018,131.8438492
Norway,2019,133.0968237
Norway,2020,130.4640293
Norway,2021,140.3422016
Norway,2022,146.8029692
Oceania,2000,33.51084655
Oceania,2001,34.2825995
Oceania,2002,36.40755892
Oceania,2003,38.39875715
Oceania,2004,40.44244571
Oceania,2005,42.23976256
Oceania,2006,45.65818421
Oceania,2007,49.74227282
Oceania,2008,53.61812235
Oceania,2009,57.70523952
Oceania,2010,60.19202683
Oceania,2011,64.02416166
Oceania,2012,57.58694938
Oceania,2013,50.1902667
Oceania,2014,53.86456038
Oceania,2015,58.66570284
Oceania,2016,61.19585677
Oceania,2017,62.09184223
Oceania,2018,62.56262349
Oceania,2019,69.32817976
Oceania,2020,77.9097502
Oceania,2021,70.16406435
Oceania,2022,71.71645329
Oceania (excluding Australia and New Zealand),2000,64.30495318
Oceania (excluding Australia and New Zealand),2001,61.59233843
Oceania (excluding Australia and New Zealand),2002,58.01167072
Oceania (excluding Australia and New Zealand),2003,56.53120335
Oceania (excluding Australia and New Zealand),2004,55.09891746
Oceania (excluding Australia and New Zealand),2005,54.17997155
Oceania (excluding Australia and New Zealand),2006,56.51631404
Oceania (excluding Australia and New Zealand),2007,59.16213066
Oceania (excluding Australia and New Zealand),2008,59.17348053
Oceania (excluding Australia and New Zealand),2009,60.29131295
Oceania (excluding Australia and New Zealand),2010,64.53635372
Oceania (excluding Australia and New Zealand),2011,65.58325483
Oceania (excluding Australia and New Zealand),2012,66.43719592
Oceania (excluding Australia and New Zealand),2013,67.93677488
Oceania (excluding Australia and New Zealand),2014,72.6225605
Oceania (excluding Australia and New Zealand),2015,76.08744265
Oceania (excluding Australia and New Zealand),2016,78.59738746
Oceania (excluding Australia and New Zealand),2017,80.95778636
Oceania (excluding Australia and New Zealand),2018,81.81868584
Oceania (excluding Australia and New Zealand),2019,83.9412757
Oceania (excluding Australia and New Zealand),2020,78.88185384
Oceania (excluding Australia and New Zealand),2021,77.68767568
Oceania (excluding Australia and New Zealand),2022,83.49413959
Oman,2000,33.76742791
Oman,2001,35.5957671
Oman,2002,35.72664014
Oman,2003,35.30290169
Oman,2004,34.50554971
Oman,2005,34.40364548
Oman,2006,34.51078877
Oman,2007,34.87563893
Oman,2008,36.5061235
Oman,2009,37.79967185
Oman,2010,38.42255182
Oman,2011,38.97371694
Oman,2012,41.03590604
Oman,2013,41.82018778
Oman,2014,42.45183462
Oman,2015,44.12519249
Oman,2016,45.60713866
Oman,2017,45.89800981
Oman,2018,46.30632167
Oman,2019,45.12537115
Oman,2020,43.84913645
Oman,2021,44.61738205
Oman,2022,46.86031119
Pakistan,2001,0.757004797
Pakistan,2002,0.775807712
Pakistan,2003,0.805541119
Pakistan,2004,0.855737221
Pakistan,2005,0.931166091
Pakistan,2006,0.989313021
Pakistan,2007,1.047180096
Pakistan,2008,1.099713721
Pakistan,2009,1.110759314
Pakistan,2010,1.147601433
Pakistan,2011,1.197163076
Pakistan,2012,1.250196119
Pakistan,2013,1.31161182
Pakistan,2014,1.372655959
Pakistan,2015,1.448339534
Pakistan,2016,1.528212991
Pakistan,2017,1.596792698
Pakistan,2018,1.688714033
Pakistan,2019,1.748989198
Pakistan,2020,1.733186228
Pakistan,2021,1.840710932
Pakistan,2022,1.954210871
Palestine,2000,20.39778556
Palestine,2001,20.19218122
Palestine,2002,15.30129652
Palestine,2003,16.4863419
Palestine,2004,16.80005138
Palestine,2005,17.37936137
Palestine,2006,17.94911469
Palestine,2007,19.5590827
Palestine,2008,21.42104427
Palestine,2009,24.67081135
Palestine,2010,27.63996343
Palestine,2011,31.94387793
Palestine,2012,31.84645949
Palestine,2013,31.44512881
Palestine,2014,33.68155115
Palestine,2015,32.21906427
Palestine,2016,35.42899535
Palestine,2017,34.6870659
Palestine,2018,34.39871404
Palestine,2019,32.55839508
Palestine,2020,26.02000142
Palestine,2021,27.99230894
Palestine,2022,28.89501806
Panama,2010,33.5588013
Panama,2011,35.55679835
Panama,2012,37.31590958
Panama,2013,38.19547213
Panama,2014,40.71193501
Panama,2015,41.52983719
Panama,2016,45.17935763
Panama,2017,48.12025098
Panama,2018,50.25902607
Panama,2019,52.07982037
Panama,2020,42.88845858
Panama,2021,49.54995923
Panama,2022,54.89246408
Paraguay,2012,10.67523343
Paraguay,2013,11.25601265
Paraguay,2014,11.91324684
Paraguay,2015,12.61086867
Paraguay,2016,12.99414074
Paraguay,2017,13.64936175
Paraguay,2018,14.09702355
Paraguay,2019,14.13953299
Paraguay,2020,13.92363307
Paraguay,2021,14.37165268
Paraguay,2022,14.41352084
Peru,2008,8.85408447
Peru,2009,7.608475756
Peru,2010,7.198532837
Peru,2011,6.817726942
Peru,2012,6.46156158
Peru,2013,6.187564564
Peru,2014,5.794387114
Peru,2015,5.562372938
Peru,2016,5.383740708
Peru,2017,5.170321307
Peru,2018,5.04598491
Peru,2019,4.966642451
Peru,2020,4.419699159
Peru,2021,7.810388551
Peru,2022,7.596454476
Philippines,2006,2.176671041
Philippines,2007,2.241790695
Philippines,2008,2.300061749
Philippines,2009,2.362132777
Philippines,2010,2.500240185
Philippines,2011,2.56704841
Philippines,2012,2.749312406
Philippines,2013,2.951924699
Philippines,2014,3.175341977
Philippines,2015,3.291483756
Philippines,2016,3.488212342
Philippines,2017,3.57196336
Philippines,2018,3.798386955
Philippines,2019,4.347559741
Philippines,2020,3.819975273
Philippines,2021,3.987590793
Philippines,2022,4.194579957
Poland,2003,21.72611778
Poland,2004,22.90289638
Poland,2005,23.96334791
Poland,2006,25.75824944
Poland,2007,26.0303248
Poland,2008,29.24031841
Poland,2009,29.82618302
Poland,2010,31.98886689
Poland,2011,33.65049374
Poland,2012,32.4813258
Poland,2013,35.05146201
Poland,2014,36.58287903
Poland,2015,39.15024931
Poland,2016,39.7263671
Poland,2017,43.38026467
Poland,2018,46.42869046
Poland,2019,49.73085414
Poland,2020,52.30086965
Poland,2021,51.94739154
Poland,2022,55.35045695
Portugal,2000,15.43084278
Portugal,2001,16.11643507
Portugal,2002,16.59940257
Portugal,2003,16.87090098
Portugal,2004,17.56842961
Portugal,2005,18.09530248
Portugal,2006,19.14938662
Portugal,2007,19.63225794
Portugal,2008,21.10674849
Portugal,2009,21.56125657
Portugal,2010,22.44782806
Portugal,2011,22.64560173
Portugal,2012,22.57709537
Portugal,2013,23.30149566
Portugal,2014,24.35007273
Portugal,2015,25.74553599
Portugal,2016,27.18487953
Portugal,2017,29.09820617
Portugal,2018,30.70311057
Portugal,2019,30.75525499
Portugal,2020,28.50866306
Portugal,2021,29.8887296
Portugal,2022,31.96853705
Puerto Rico,2007,26.75301687
Puerto Rico,2008,26.21001429
Puerto Rico,2009,25.4897035
Puerto Rico,2010,25.55811411
Puerto Rico,2011,26.37146017
Puerto Rico,2012,27.59357504
Puerto Rico,2013,28.8885049
Puerto Rico,2014,30.04499718
Puerto Rico,2015,31.28848688
Puerto Rico,2016,31.10437522
Puerto Rico,2017,29.95734043
Puerto Rico,2018,28.95075419
Puerto Rico,2019,29.10411957
Puerto Rico,2020,28.23660807
Puerto Rico,2021,28.04893976
Puerto Rico,2022,28.98556723
Qatar,2000,117.7088857
Qatar,2001,111.8928793
Qatar,2002,110.1084242
Qatar,2003,104.8377831
Qatar,2004,114.5562973
Qatar,2005,114.720937
Qatar,2006,134.6315798
Qatar,2007,147.6844402
Qatar,2008,164.4781714
Qatar,2009,171.6173816
Qatar,2010,184.3163066
Qatar,2011,195.1362785
Qatar,2012,190.0040828
Qatar,2013,191.4130863
Qatar,2014,189.0418448
Qatar,2015,206.3455465
Qatar,2016,190.2723999
Qatar,2017,200.5872406
Qatar,2018,229.7057235
Qatar,2019,196.9225541
Qatar,2020,191.6026225
Qatar,2021,194.0248853
Qatar,2022,191.7238823
Republic of Korea,2000,27.52820772
Republic of Korea,2001,27.08750692
Republic of Korea,2002,27.44702596
Republic of Korea,2003,29.20017732
Republic of Korea,2004,31.63639511
Republic of Korea,2005,31.51248729
Republic of Korea,2006,35.435415
Republic of Korea,2007,37.41769455
Republic of Korea,2008,38.44290148
Republic of Korea,2009,38.75351792
Republic of Korea,2010,41.21928581
Republic of Korea,2011,42.80708113
Republic of Korea,2012,43.85982415
Republic of Korea,2013,45.35754032
Republic of Korea,2014,46.76948863
Republic of Korea,2015,49.42485539
Republic of Korea,2016,50.54233593
Republic of Korea,2017,52.10155859
Republic of Korea,2018,53.63759042
Republic of Korea,2019,54.95923449
Republic of Korea,2020,54.39122679
Republic of Korea,2021,56.42074528
Republic of Korea,2022,58.26505543
Republic of Moldova,2000,1.934202149
Republic of Moldova,2001,2.23082951
Republic of Moldova,2002,2.484606976
Republic of Moldova,2003,2.773987332
Republic of Moldova,2004,3.209091111
Republic of Moldova,2005,3.546072931
Republic of Moldova,2006,4.026402185
Republic of Moldova,2007,4.656097656
Republic of Moldova,2008,5.19963609
Republic of Moldova,2009,5.011883495
Republic of Moldova,2010,5.229147836
Republic of Moldova,2011,5.679809076
Republic of Moldova,2012,5.930563195
Republic of Moldova,2013,6.587036245
Republic of Moldova,2014,6.993454244
Republic of Moldova,2015,7.103663742
Republic of Moldova,2016,7.48294116
Republic of Moldova,2017,7.732935957
Republic of Moldova,2018,8.2452154
Republic of Moldova,2019,8.567684577
Republic of Moldova,2020,8.29916313
Republic of Moldova,2021,9.269273775
Republic of Moldova,2022,8.923303681
Romania,2003,10.7156078
Romania,2004,14.02510167
Romania,2005,17.73054334
Romania,2006,22.25549883
Romania,2007,19.01917259
Romania,2008,19.74089163
Romania,2009,19.93943825
Romania,2010,21.04449212
Romania,2011,20.30430006
Romania,2012,21.39698376
Romania,2013,21.31472672
Romania,2014,22.90136022
Romania,2015,22.95149305
Romania,2016,24.4680422
Romania,2017,25.15788046
Romania,2018,28.22820488
Romania,2019,26.91784379
Romania,2020,24.66403588
Romania,2021,24.26720944
Romania,2022,24.788934
Russian Federation,2000,9.527309734
Russian Federation,2001,10.23063018
Russian Federation,2002,10.92797578
Russian Federation,2003,11.67968106
Russian Federation,2004,12.606547
Russian Federation,2005,13.34504617
Russian Federation,2006,14.52701389
Russian Federation,2007,15.96310938
Russian Federation,2008,16.81841043
Russian Federation,2009,15.9321693
Russian Federation,2010,16.77784271
Russian Federation,2011,17.51144397
Russian Federation,2012,18.50661027
Russian Federation,2013,19.06990079
Russian Federation,2014,16.3920247
Russian Federation,2015,18.76607597
Russian Federation,2016,18.19921062
Russian Federation,2017,18.74323922
Russian Federation,2018,18.99810064
Russian Federation,2019,19.48567262
Russian Federation,2020,18.92261795
Russian Federation,2021,19.89437745
Russian Federation,2022,19.66516729
Rwanda,2007,10.22154227
Rwanda,2008,10.59864183
Rwanda,2009,10.42595111
Rwanda,2010,10.62274439
Rwanda,2011,10.74530512
Rwanda,2012,11.1925991
Rwanda,2013,11.13700208
Rwanda,2014,11.12531102
Rwanda,2015,11.58259805
Rwanda,2016,11.53673963
Rwanda,2017,11.32004984
Rwanda,2018,12.09232739
Rwanda,2019,12.65947585
Rwanda,2020,11.98526119
Rwanda,2021,13.62829034
Rwanda,2022,14.88595959
Sao Tome and Principe,2016,7.216980345
Sao Tome and Principe,2017,7.534177881
Sao Tome and Principe,2018,7.707121791
Sao Tome and Principe,2019,7.851276764
Sao Tome and Principe,2020,7.940781801
Sao Tome and Principe,2021,8.205034417
Sao Tome and Principe,2022,8.187021499
Saudi Arabia,2000,17.29370939
Saudi Arabia,2001,16.82067496
Saudi Arabia,2002,16.04600872
Saudi Arabia,2003,17.56511443
Saudi Arabia,2004,18.65858635
Saudi Arabia,2005,19.15613452
Saudi Arabia,2006,19.23483149
Saudi Arabia,2007,20.01363695
Saudi Arabia,2008,21.67045938
Saudi Arabia,2009,21.67999279
Saudi Arabia,2010,23.26966121
Saudi Arabia,2011,26.40109278
Saudi Arabia,2012,28.37496936
Saudi Arabia,2013,27.41307551
Saudi Arabia,2014,27.09640031
Saudi Arabia,2015,26.6818742
Saudi Arabia,2016,28.35913014
Saudi Arabia,2017,29.06246734
Saudi Arabia,2018,26.35341273
Saudi Arabia,2019,26.48352903
Saudi Arabia,2020,24.99392434
Saudi Arabia,2021,25.47860141
Saudi Arabia,2022,28.00838718
Senegal,2000,4.955061802
Senegal,2001,4.232737645
Senegal,2002,3.732250355
Senegal,2003,3.904662093
Senegal,2004,4.090405139
Senegal,2005,4.106980592
Senegal,2006,4.2756326
Senegal,2007,4.447540657
Senegal,2008,4.514891669
Senegal,2009,4.534473426
Senegal,2010,4.643328478
Senegal,2011,4.838530523
Senegal,2012,4.986524364
Senegal,2013,5.078334321
Senegal,2014,5.339455489
Senegal,2015,5.517373258
Senegal,2016,5.850204603
Senegal,2017,6.25423577
Senegal,2018,5.486236911
Senegal,2019,5.624217102
Senegal,2020,5.645397334
Senegal,2021,6.097594267
Senegal,2022,6.367760151
Serbia,2012,7.768002309
Serbia,2013,7.383397462
Serbia,2014,7.635225565
Serbia,2015,6.503825071
Serbia,2016,6.656673177
Serbia,2017,6.012604995
Serbia,2018,6.04018631
Serbia,2019,6.251403126
Serbia,2020,6.828702906
Serbia,2021,7.712462166
Serbia,2022,7.600496238
Seychelles,2003,51.06784806
Seychelles,2004,47.22089496
Seychelles,2005,50.25436368
Seychelles,2006,56.68479923
Seychelles,2007,62.99153282
Seychelles,2008,61.34962918
Seychelles,2009,60.32309521
Seychelles,2010,63.09576671
Seychelles,2011,65.77844442
Seychelles,2012,68.72434168
Seychelles,2013,74.17917986
Seychelles,2014,77.03063364
Seychelles,2015,85.36315685
Seychelles,2016,97.04856015
Seychelles,2017,102.0167455
Seychelles,2018,109.2483036
Seychelles,2019,116.8511767
Seychelles,2020,107.4244671
Seychelles,2021,110.7040096
Seychelles,2022,112.8395976
Sierra Leone,2000,3.979568969
Sierra Leone,2001,4.609959871
Sierra Leone,2002,5.673582321
Sierra Leone,2003,6.098666098
Sierra Leone,2004,6.224455974
Sierra Leone,2005,6.357705723
Sierra Leone,2006,6.430206992
Sierra Leone,2007,6.741950548
Sierra Leone,2008,6.90057471
Sierra Leone,2009,6.858673433
Sierra Leone,2010,7.512524023
Sierra Leone,2011,8.017543545
Sierra Leone,2012,9.9796677
Sierra Leone,2013,12.64109368
Sierra Leone,2014,12.19877856
Sierra Leone,2015,8.362238358
Sierra Leone,2016,9.12671359
Sierra Leone,2017,8.945805411
Sierra Leone,2018,9.380051233
Sierra Leone,2019,10.03983123
Sierra Leone,2020,9.358216789
Sierra Leone,2021,10.2121526
Sierra Leone,2022,10.59360396
Slovakia,2000,35.58892742
Slovakia,2001,38.4613164
Slovakia,2002,41.49448282
Slovakia,2003,44.37178104
Slovakia,2004,51.87373902
Slovakia,2005,58.77542545
Slovakia,2006,72.84299769
Slovakia,2007,93.70701136
Slovakia,2008,109.6382605
Slovakia,2009,107.5528754
Slovakia,2010,120.6040117
Slovakia,2011,124.0911398
Slovakia,2012,109.4265554
Slovakia,2013,144.1145103
Slovakia,2014,132.3557254
Slovakia,2015,141.3283816
Slovakia,2016,148.9141446
Slovakia,2017,146.8006428
Slovakia,2018,152.5425797
Slovakia,2019,156.1796338
Slovakia,2020,152.3891077
Slovakia,2021,155.6724558
Slovakia,2022,158.2323962
Slovenia,2010,38.34230364
Slovenia,2011,38.48306975
Slovenia,2012,37.91391799
Slovenia,2013,29.99397822
Slovenia,2014,36.3175166
Slovenia,2015,40.54391555
Slovenia,2016,42.43025004
Slovenia,2017,42.57281997
Slovenia,2018,43.01113741
Slovenia,2019,45.51102516
Slovenia,2020,41.48763705
Slovenia,2021,48.3391356
Slovenia,2022,55.80448822
Small Island Developing States,2000,17.8170329
Small Island Developing States,2001,17.98454427
Small Island Developing States,2002,18.29261596
Small Island Developing States,2003,18.67489722
Small Island Developing States,2004,18.57503372
Small Island Developing States,2005,19.43770791
Small Island Developing States,2006,20.53547656
Small Island Developing States,2007,21.59072918
Small Island Developing States,2008,20.9747158
Small Island Developing States,2009,20.57922101
Small Island Developing States,2010,21.81427275
Small Island Developing States,2011,22.21813064
Small Island Developing States,2012,22.42923076
Small Island Developing States,2013,22.75871072
Small Island Developing States,2014,23.35769564
Small Island Developing States,2015,24.46302623
Small Island Developing States,2016,24.48767011
Small Island Developing States,2017,25.23434636
Small Island Developing States,2018,26.14276855
Small Island Developing States,2019,26.71581551
Small Island Developing States,2020,25.35866125
Small Island Developing States,2021,27.36448195
Small Island Developing States,2022,28.76799927
Somalia,2001,0.301660082
Somalia,2002,0.315812035
Somalia,2003,0.333894569
Somalia,2004,0.357682433
Somalia,2005,0.381577826
Somalia,2006,0.405849483
Somalia,2007,0.435036102
Somalia,2008,0.464090907
Somalia,2009,0.495710356
Somalia,2010,0.529860453
Somalia,2011,0.56583074
Somalia,2012,0.604459995
Somalia,2013,0.588181471
Somalia,2014,0.681480148
Somalia,2015,0.842682883
Somalia,2016,0.983377736
Somalia,2017,1.07636421
Somalia,2018,1.109008729
Somalia,2019,1.149124216
Somalia,2020,1.119607143
Somalia,2021,1.15677027
Somalia,2022,1.184932117
South Africa,2000,15.58571774
South Africa,2001,15.74091425
South Africa,2002,16.06962614
South Africa,2003,16.30466742
South Africa,2004,16.62965377
South Africa,2005,17.25334968
South Africa,2006,17.88320591
South Africa,2007,18.50230851
South Africa,2008,18.89457595
South Africa,2009,18.53513069
South Africa,2010,18.86648419
South Africa,2011,19.11901549
South Africa,2012,19.20691356
South Africa,2013,19.40063127
South Africa,2014,17.75738816
South Africa,2015,16.39750064
South Africa,2016,16.12807362
South Africa,2017,16.09125696
South Africa,2018,15.91936987
South Africa,2019,16.79116442
South Africa,2020,15.56362779
South Africa,2021,15.88243401
South Africa,2022,15.81330429
South Sudan,2012,5.043601725
South Sudan,2013,6.507698369
South Sudan,2014,8.325829684
South Sudan,2015,8.956031478
South Sudan,2016,8.382618706
South Sudan,2017,8.173992588
South Sudan,2018,8.499326797
South Sudan,2019,9.377804695
South Sudan,2020,8.849006455
South Sudan,2021,8.879453198
South Sudan,2022,8.962944394
South-eastern Asia,2000,4.645813714
South-eastern Asia,2001,4.548935238
South-eastern Asia,2002,4.550459397
South-eastern Asia,2003,4.584095238
South-eastern Asia,2004,4.62651049
South-eastern Asia,2005,4.737765134
South-eastern Asia,2006,3.883995034
South-eastern Asia,2007,3.517227168
South-eastern Asia,2008,3.609507951
South-eastern Asia,2009,3.654418533
South-eastern Asia,2010,3.841685219
South-eastern Asia,2011,3.969718725
South-eastern Asia,2012,4.166290478
South-eastern Asia,2013,4.31690933
South-eastern Asia,2014,4.476576114
South-eastern Asia,2015,4.638109354
South-eastern Asia,2016,4.823504438
South-eastern Asia,2017,5.046622025
South-eastern Asia,2018,5.317841692
South-eastern Asia,2019,5.630490648
South-eastern Asia,2020,5.382221995
South-eastern Asia,2021,5.565868808
South-eastern Asia,2022,5.863200222
Southern Asia,2000,1.198962069
Southern Asia,2001,1.268842135
Southern Asia,2002,1.319409571
Southern Asia,2003,1.391685367
Southern Asia,2004,1.499915743
Southern Asia,2005,1.572364356
Southern Asia,2006,1.683975715
Southern Asia,2007,1.7949923
Southern Asia,2008,1.801606952
Southern Asia,2009,1.88232259
Southern Asia,2010,1.983850494
Southern Asia,2011,2.086987655
Southern Asia,2012,2.165781156
Southern Asia,2013,2.266680727
Southern Asia,2014,2.413587557
Southern Asia,2015,2.553410168
Southern Asia,2016,2.736861445
Southern Asia,2017,2.89801192
Southern Asia,2018,3.046284304
Southern Asia,2019,3.140146916
Southern Asia,2020,3.013568491
Southern Asia,2021,3.239011413
Southern Asia,2022,3.424958133
Spain,2000,23.42940801
Spain,2001,24.67508382
Spain,2002,25.60613341
Spain,2003,25.93101357
Spain,2004,26.8358426
Spain,2005,26.34023343
Spain,2006,28.77979194
Spain,2007,30.54613831
Spain,2008,31.86922894
Spain,2009,30.31879869
Spain,2010,30.59682615
Spain,2011,30.61089982
Spain,2012,28.39693172
Spain,2013,31.44937819
Spain,2014,31.28198066
Spain,2015,33.70589196
Spain,2016,35.01764014
Spain,2017,37.38037536
Spain,2018,39.02228622
Spain,2019,40.28473102
Spain,2020,36.14633953
Spain,2021,38.29843875
Spain,2022,40.81778565
Sri Lanka,2006,3.013666727
Sri Lanka,2007,3.305684154
Sri Lanka,2008,3.561403124
Sri Lanka,2009,3.816655925
Sri Lanka,2010,4.118375587
Sri Lanka,2011,4.57429454
Sri Lanka,2012,5.079443178
Sri Lanka,2013,5.293790612
Sri Lanka,2014,5.625824899
Sri Lanka,2015,5.774851779
Sri Lanka,2016,6.044758981
Sri Lanka,2017,6.402226522
Sri Lanka,2018,6.580685109
Sri Lanka,2019,6.647020488
Sri Lanka,2020,6.445468473
Sri Lanka,2021,6.670072986
Sri Lanka,2022,6.197680995
Sub-Saharan Africa,2000,8.001724168
Sub-Saharan Africa,2001,7.96123391
Sub-Saharan Africa,2002,7.461375159
Sub-Saharan Africa,2003,7.72953955
Sub-Saharan Africa,2004,8.256748147
Sub-Saharan Africa,2005,8.695190655
Sub-Saharan Africa,2006,9.190016094
Sub-Saharan Africa,2007,9.703326412
Sub-Saharan Africa,2008,10.06919041
Sub-Saharan Africa,2009,10.2576373
Sub-Saharan Africa,2010,10.97901251
Sub-Saharan Africa,2011,11.58001167
Sub-Saharan Africa,2012,12.05246657
Sub-Saharan Africa,2013,12.60889859
Sub-Saharan Africa,2014,13.00141132
Sub-Saharan Africa,2015,13.02965989
Sub-Saharan Africa,2016,12.90886685
Sub-Saharan Africa,2017,13.20553157
Sub-Saharan Africa,2018,13.33188718
Sub-Saharan Africa,2019,13.69292878
Sub-Saharan Africa,2020,13.1044279
Sub-Saharan Africa,2021,13.63913544
Sub-Saharan Africa,2022,13.99213704
Sudan,2012,1.928448613
Sudan,2013,2.139153005
Sudan,2014,2.254812356
Sudan,2015,2.348609848
Sudan,2016,2.623701744
Sudan,2017,2.790857905
Sudan,2018,2.977282221
Sudan,2019,2.966210818
Sudan,2020,2.85494044
Sudan,2021,2.819389057
Sudan,2022,2.738484635
Suriname,2000,4.038786923
Suriname,2001,3.971930696
Suriname,2002,4.083061307
Suriname,2003,4.411660591
Suriname,2004,4.822159918
Suriname,2005,5.282063044
Suriname,2006,5.577772422
Suriname,2007,5.837069522
Suriname,2008,6.259988748
Suriname,2009,6.443616732
Suriname,2010,6.968618278
Suriname,2011,7.333850772
Suriname,2012,7.691160423
Suriname,2013,8.012849583
Suriname,2014,8.117692999
Suriname,2015,7.671031804
Suriname,2016,7.487368807
Suriname,2017,7.827491549
Suriname,2018,8.235749763
Suriname,2019,8.351373168
Suriname,2020,6.926209015
Suriname,2021,6.838910581
Suriname,2022,6.988751804
Sweden,2003,125.8035508
Sweden,2004,131.8712811
Sweden,2005,137.6925894
Sweden,2006,144.3973079
Sweden,2007,149.0307413
Sweden,2008,146.9235763
Sweden,2009,139.2558268
Sweden,2010,146.0793337
Sweden,2011,155.0503346
Sweden,2012,158.4849036
Sweden,2013,164.7115617
Sweden,2014,173.5341666
Sweden,2015,185.9752148
Sweden,2016,194.4619236
Sweden,2017,204.9737424
Sweden,2018,215.01445
Sweden,2019,226.0267793
Sweden,2020,189.3521589
Sweden,2021,241.8645518
Sweden,2022,248.9692206
Switzerland,2012,314.6957589
Switzerland,2013,372.8850906
Switzerland,2014,385.5711599
Switzerland,2015,385.3122047
Switzerland,2016,393.552916
Switzerland,2017,399.7020293
Switzerland,2018,403.660377
Switzerland,2019,417.6584442
Switzerland,2020,406.1909952
Switzerland,2021,433.7014399
Switzerland,2022,441.3675614
Syrian Arab Republic,2000,1.441676012
Syrian Arab Republic,2001,1.442315186
Syrian Arab Republic,2002,1.485645549
Syrian Arab Republic,2003,1.466812524
Syrian Arab Republic,2004,1.588908686
Syrian Arab Republic,2005,1.708776738
Syrian Arab Republic,2006,1.780952194
Syrian Arab Republic,2007,1.907516841
Syrian Arab Republic,2008,2.002273021
Syrian Arab Republic,2009,2.063623461
Syrian Arab Republic,2010,2.220610721
Syrian Arab Republic,2011,2.265442933
Syrian Arab Republic,2012,1.637400109
Syrian Arab Republic,2013,1.192888747
Syrian Arab Republic,2014,1.056840937
Syrian Arab Republic,2015,0.967970783
Syrian Arab Republic,2016,0.899051993
Syrian Arab Republic,2017,0.849704486
Syrian Arab Republic,2018,0.87246035
Syrian Arab Republic,2019,0.87134246
Syrian Arab Republic,2020,0.897567702
Syrian Arab Republic,2021,0.969855347
Syrian Arab Republic,2022,0.911768695
Tajikistan,2000,0.19853678
Tajikistan,2001,0.284647654
Tajikistan,2002,0.302000132
Tajikistan,2003,0.318734872
Tajikistan,2004,0.341657862
Tajikistan,2005,0.349868561
Tajikistan,2006,0.362566818
Tajikistan,2007,0.399094521
Tajikistan,2008,0.440028286
Tajikistan,2009,0.485844465
Tajikistan,2010,0.529598906
Tajikistan,2011,0.549734887
Tajikistan,2012,0.609254577
Tajikistan,2013,0.675652903
Tajikistan,2014,0.730263635
Tajikistan,2015,0.780750056
Tajikistan,2016,0.915682741
Tajikistan,2017,1.035730199
Tajikistan,2018,0.910502741
Tajikistan,2019,0.90079263
Tajikistan,2020,1.011724203
Tajikistan,2021,1.098495048
Tajikistan,2022,1.178220646
Thailand,2007,5.325266159
Thailand,2008,5.397111859
Thailand,2009,5.365381384
Thailand,2010,5.764198016
Thailand,2011,5.770063282
Thailand,2012,6.190710652
Thailand,2013,6.348050154
Thailand,2014,6.458510415
Thailand,2015,6.711201614
Thailand,2016,6.944190384
Thailand,2017,7.242840624
Thailand,2018,7.553309084
Thailand,2019,7.722425438
Thailand,2020,7.231323371
Thailand,2021,7.329346225
Thailand,2022,7.513500155
Timor-Leste,2004,0.563222191
Timor-Leste,2005,0.597891611
Timor-Leste,2006,0.577820794
Timor-Leste,2007,0.632881151
Timor-Leste,2008,0.72224594
Timor-Leste,2009,0.854038841
Timor-Leste,2010,0.944109367
Timor-Leste,2011,1.010975795
Timor-Leste,2012,1.096838269
Timor-Leste,2013,1.110338775
Timor-Leste,2014,1.144324302
Timor-Leste,2015,1.182780667
Timor-Leste,2016,1.261390437
Timor-Leste,2017,1.212059452
Timor-Leste,2018,1.211147664
Timor-Leste,2019,1.501546752
Timor-Leste,2020,1.956969198
Timor-Leste,2021,2.208659762
Timor-Leste,2022,1.730860676
Togo,2000,9.110723098
Togo,2001,9.501806201
Togo,2002,9.67230269
Togo,2003,9.520315102
Togo,2004,8.453809995
Togo,2005,8.526156234
Togo,2006,10.65574097
Togo,2007,12.6396265
Togo,2008,12.66824547
Togo,2009,13.07641332
Togo,2010,13.80181962
Togo,2011,14.94600206
Togo,2012,15.78726739
Togo,2013,17.03636253
Togo,2014,17.68619042
Togo,2015,18.58240504
Togo,2016,19.42942054
Togo,2017,20.12699266
Togo,2018,21.27415327
Togo,2019,22.01585563
Togo,2020,22.57997337
Togo,2021,23.98541022
Togo,2022,25.52965537
Trinidad and Tobago,2000,44.26239878
Trinidad and Tobago,2001,42.86620177
Trinidad and Tobago,2002,45.16072288
Trinidad and Tobago,2003,51.52604332
Trinidad and Tobago,2004,54.5303313
Trinidad and Tobago,2005,57.37727314
Trinidad and Tobago,2006,63.64922461
Trinidad and Tobago,2007,65.2726735
Trinidad and Tobago,2008,66.7451033
Trinidad and Tobago,2009,62.00323988
Trinidad and Tobago,2010,63.03814531
Trinidad and Tobago,2011,62.63778642
Trinidad and Tobago,2012,62.93290871
Trinidad and Tobago,2013,65.2659229
Trinidad and Tobago,2014,68.03964627
Trinidad and Tobago,2015,66.33930762
Trinidad and Tobago,2016,61.67557017
Trinidad and Tobago,2017,59.0222958
Trinidad and Tobago,2018,58.40856958
Trinidad and Tobago,2019,58.83385952
Trinidad and Tobago,2020,52.62510914
Trinidad and Tobago,2021,52.20134013
Trinidad and Tobago,2022,54.8462409
Tunisia,2000,8.069412569
Tunisia,2001,7.79932295
Tunisia,2002,7.919556329
Tunisia,2003,8.117257055
Tunisia,2004,8.491783337
Tunisia,2005,8.790562359
Tunisia,2006,9.226994643
Tunisia,2007,9.824611652
Tunisia,2008,10.26398162
Tunisia,2009,10.14322688
Tunisia,2010,10.52963865
Tunisia,2011,10.38853986
Tunisia,2012,10.66303571
Tunisia,2013,10.78721008
Tunisia,2014,10.7099256
Tunisia,2015,10.64978098
Tunisia,2016,10.99594872
Tunisia,2017,11.72792576
Tunisia,2018,11.26346785
Tunisia,2019,11.44371641
Tunisia,2020,11.00305706
Tunisia,2021,11.68372863
Tunisia,2022,12.01538393
Turkmenistan,2000,0.507061608
Turkmenistan,2001,0.498406711
Turkmenistan,2002,0.481982083
Turkmenistan,2003,0.482014695
Turkmenistan,2004,0.483885167
Turkmenistan,2005,0.570547057
Turkmenistan,2006,0.633243162
Turkmenistan,2007,0.704731128
Turkmenistan,2008,0.805228954
Turkmenistan,2009,0.853707875
Turkmenistan,2010,0.993376757
Turkmenistan,2011,1.119282795
Turkmenistan,2012,1.187448429
Turkmenistan,2013,1.183227881
Turkmenistan,2014,1.227804722
Turkmenistan,2015,1.263918911
Turkmenistan,2016,1.251019145
Turkmenistan,2017,1.201871798
Turkmenistan,2018,1.331191691
Turkmenistan,2019,1.271017892
Turkmenistan,2020,1.277031746
Turkmenistan,2021,2.031664514
Turkmenistan,2022,2.068669468
Türkiye,2000,8.579763517
Türkiye,2001,8.486787182
Türkiye,2002,8.678014978
Türkiye,2003,9.061289675
Türkiye,2004,10.56843103
Türkiye,2005,11.20630421
Türkiye,2006,11.81642255
Türkiye,2007,12.51087565
Türkiye,2008,11.88779616
Türkiye,2009,10.99930983
Türkiye,2010,11.25203438
Türkiye,2011,11.87483014
Türkiye,2012,12.23601808
Türkiye,2013,12.6571869
Türkiye,2014,13.24366834
Türkiye,2015,12.82022749
Türkiye,2016,12.81272172
Türkiye,2017,13.97278802
Türkiye,2018,14.10947976
Türkiye,2019,13.56370147
Türkiye,2020,13.55350278
Türkiye,2021,17.79204373
Türkiye,2022,15.50511791
Uganda,2000,19.37013757
Uganda,2001,20.95300426
Uganda,2002,21.97659955
Uganda,2003,20.32190087
Uganda,2004,19.48741612
Uganda,2005,19.22567779
Uganda,2006,19.44052231
Uganda,2007,19.68279658
Uganda,2008,19.7992215
Uganda,2009,20.52203521
Uganda,2010,27.78059627
Uganda,2011,27.86446394
Uganda,2012,28.70828782
Uganda,2013,24.33791119
Uganda,2014,32.32728046
Uganda,2015,34.12904125
Uganda,2016,32.1239069
Uganda,2017,34.82291584
Uganda,2018,36.5778115
Uganda,2019,39.21182343
Uganda,2020,38.22581825
Uganda,2021,40.65779189
Uganda,2022,42.46182664
Ukraine,2000,2.737911071
Ukraine,2001,3.234606132
Ukraine,2002,3.634202284
Ukraine,2003,4.286164669
Ukraine,2004,5.039173943
Ukraine,2005,5.341326419
Ukraine,2006,5.814998363
Ukraine,2007,6.45864185
Ukraine,2008,6.519871287
Ukraine,2009,5.534040814
Ukraine,2010,5.58088243
Ukraine,2011,6.028264538
Ukraine,2012,6.455465881
Ukraine,2013,6.933710327
Ukraine,2014,6.798599397
Ukraine,2015,6.893826471
Ukraine,2016,6.930600853
Ukraine,2017,6.349862071
Ukraine,2018,6.604563976
Ukraine,2019,7.12116358
Ukraine,2020,7.716147593
Ukraine,2021,9.109431828
Ukraine,2022,11.79484849
United Arab Emirates,2000,64.53540497
United Arab Emirates,2001,62.31874436
United Arab Emirates,2002,60.84642815
United Arab Emirates,2003,63.16175808
United Arab Emirates,2004,63.50836136
United Arab Emirates,2005,61.86704321
United Arab Emirates,2006,66.41153289
United Arab Emirates,2007,67.22231423
United Arab Emirates,2008,69.45742895
United Arab Emirates,2009,65.02101763
United Arab Emirates,2010,65.62450759
United Arab Emirates,2011,68.1815413
United Arab Emirates,2012,68.08914511
United Arab Emirates,2013,70.21543883
United Arab Emirates,2014,71.75933561
United Arab Emirates,2015,75.1709882
United Arab Emirates,2016,77.69128541
United Arab Emirates,2017,78.81272287
United Arab Emirates,2018,78.39337545
United Arab Emirates,2019,80.16115385
United Arab Emirates,2020,76.9331507
United Arab Emirates,2021,81.77367215
United Arab Emirates,2022,89.57322736
United Kingdom of Great Britain and Northern Ireland,2005,226.3647099
United Kingdom of Great Britain and Northern Ireland,2006,183.4520805
United Kingdom of Great Britain and Northern Ireland,2007,286.4839131
United Kingdom of Great Britain and Northern Ireland,2008,299.9154583
United Kingdom of Great Britain and Northern Ireland,2009,291.4835879
United Kingdom of Great Britain and Northern Ireland,2010,296.0472744
United Kingdom of Great Britain and Northern Ireland,2011,310.218758
United Kingdom of Great Britain and Northern Ireland,2012,294.8283054
United Kingdom of Great Britain and Northern Ireland,2013,325.2621801
United Kingdom of Great Britain and Northern Ireland,2014,356.2163609
United Kingdom of Great Britain and Northern Ireland,2015,317.75118
United Kingdom of Great Britain and Northern Ireland,2016,313.3792801
United Kingdom of Great Britain and Northern Ireland,2017,322.0986303
United Kingdom of Great Britain and Northern Ireland,2018,327.4884922
United Kingdom of Great Britain and Northern Ireland,2019,332.3037556
United Kingdom of Great Britain and Northern Ireland,2020,301.3841494
United Kingdom of Great Britain and Northern Ireland,2021,325.3655818
United Kingdom of Great Britain and Northern Ireland,2022,338.368392
United Republic of Tanzania,2002,2.920104402
United Republic of Tanzania,2003,3.112419041
United Republic of Tanzania,2004,3.294660599
United Republic of Tanzania,2005,3.552784722
United Republic of Tanzania,2006,3.69787715
United Republic of Tanzania,2007,4.07203745
United Republic of Tanzania,2008,4.212711647
United Republic of Tanzania,2009,4.348471983
United Republic of Tanzania,2010,4.677687843
United Republic of Tanzania,2011,5.134428677
United Republic of Tanzania,2012,5.236919842
United Republic of Tanzania,2013,5.567763601
United Republic of Tanzania,2014,6.001683163
United Republic of Tanzania,2015,6.239820385
United Republic of Tanzania,2016,6.6104412
United Republic of Tanzania,2017,6.936283636
United Republic of Tanzania,2018,7.853241539
United Republic of Tanzania,2019,8.522626604
United Republic of Tanzania,2020,9.032310329
United Republic of Tanzania,2021,9.392871927
United Republic of Tanzania,2022,9.090451079
United States of America,2000,24.33393406
United States of America,2001,24.54297865
United States of America,2002,24.94224352
United States of America,2003,25.58964958
United States of America,2004,26.50548184
United States of America,2005,27.36390398
United States of America,2006,28.96166972
United States of America,2007,30.5507242
United States of America,2008,31.42603199
United States of America,2009,31.51824394
United States of America,2010,33.45679903
United States of America,2011,34.54021389
United States of America,2012,35.81684161
United States of America,2013,37.26827363
United States of America,2014,38.94223022
United States of America,2015,40.82302163
United States of America,2016,41.74774139
United States of America,2017,42.61955134
United States of America,2018,43.89030559
United States of America,2019,44.94970067
United States of America,2020,44.12968035
United States of America,2021,46.61317514
United States of America,2022,47.44367062
Uruguay,2000,8.115637669
Uruguay,2001,7.76006428
Uruguay,2002,6.95807818
Uruguay,2003,6.68563218
Uruguay,2004,6.689952664
Uruguay,2005,7.235991335
Uruguay,2006,7.388167456
Uruguay,2007,7.867131169
Uruguay,2008,8.348983492
Uruguay,2009,8.814525269
Uruguay,2010,9.45331986
Uruguay,2011,9.761663895
Uruguay,2012,10.21049095
Uruguay,2013,10.72896498
Uruguay,2014,11.18609057
Uruguay,2015,11.36922004
Uruguay,2016,11.71249896
Uruguay,2017,11.9317499
Uruguay,2018,11.81364164
Uruguay,2019,11.72585
Uruguay,2020,10.87301597
Uruguay,2021,11.05475275
Uruguay,2022,11.45080364
Uzbekistan,2000,0.427031241
Uzbekistan,2001,0.450302568
Uzbekistan,2002,0.474195532
Uzbekistan,2003,0.49154102
Uzbekistan,2004,0.527217327
Uzbekistan,2005,0.590460019
Uzbekistan,2006,0.645922957
Uzbekistan,2007,0.716198366
Uzbekistan,2008,0.783323
Uzbekistan,2009,0.867101037
Uzbekistan,2010,0.979316569
Uzbekistan,2011,1.072461443
Uzbekistan,2012,1.163528158
Uzbekistan,2013,1.276702312
Uzbekistan,2014,1.390049148
Uzbekistan,2015,1.415190196
Uzbekistan,2016,1.52328537
Uzbekistan,2017,1.446156196
Uzbekistan,2018,1.585293188
Uzbekistan,2019,1.804867927
Uzbekistan,2020,1.961774318
Uzbekistan,2021,2.481349262
Uzbekistan,2022,2.582587476
Venezuela (Bolivarian Republic of),2000,25.67108911
Venezuela (Bolivarian Republic of),2001,21.68961008
Venezuela (Bolivarian Republic of),2002,16.98913744
Venezuela (Bolivarian Republic of),2003,13.68654025
Venezuela (Bolivarian Republic of),2004,13.89046177
Venezuela (Bolivarian Republic of),2005,13.62979815
Venezuela (Bolivarian Republic of),2006,13.73810842
Venezuela (Bolivarian Republic of),2007,13.956373
Venezuela (Bolivarian Republic of),2008,14.81556789
Venezuela (Bolivarian Republic of),2009,14.02463162
Venezuela (Bolivarian Republic of),2010,13.85825853
Venezuela (Bolivarian Republic of),2011,14.43040909
Venezuela (Bolivarian Republic of),2012,15.27950946
Venezuela (Bolivarian Republic of),2013,15.56586809
Venezuela (Bolivarian Republic of),2014,14.72032151
Venezuela (Bolivarian Republic of),2015,13.8183775
Venezuela (Bolivarian Republic of),2016,11.2824597
Venezuela (Bolivarian Republic of),2017,9.312479618
Venezuela (Bolivarian Republic of),2018,8.096612681
Venezuela (Bolivarian Republic of),2019,5.79030296
Venezuela (Bolivarian Republic of),2020,3.998614242
Venezuela (Bolivarian Republic of),2021,4.003534937
Venezuela (Bolivarian Republic of),2022,4.345386716
Viet Nam,2000,1.078911389
Viet Nam,2001,1.125889068
Viet Nam,2002,1.175731506
Viet Nam,2003,1.227739312
Viet Nam,2004,1.181361196
Viet Nam,2005,1.234490167
Viet Nam,2006,1.3814043
Viet Nam,2007,1.547677051
Viet Nam,2008,1.706361871
Viet Nam,2009,1.88422064
Viet Nam,2010,1.861567413
Viet Nam,2011,1.98431911
Viet Nam,2012,2.118317815
Viet Nam,2013,2.235302477
Viet Nam,2014,2.36175905
Viet Nam,2015,2.519460015
Viet Nam,2016,2.672804981
Viet Nam,2017,2.859460932
Viet Nam,2018,3.06670514
Viet Nam,2019,3.286321631
Viet Nam,2020,3.368123348
Viet Nam,2021,3.459858906
Viet Nam,2022,3.758071661
Western Asia,2000,8.320628678
Western Asia,2001,8.469649
Western Asia,2002,8.533974082
Western Asia,2003,9.007045516
Western Asia,2004,10.02419348
Western Asia,2005,10.65942547
Western Asia,2006,11.38378794
Western Asia,2007,12.13730904
Western Asia,2008,12.80498057
Western Asia,2009,12.77186008
Western Asia,2010,13.59759774
Western Asia,2011,14.59728235
Western Asia,2012,15.2218516
Western Asia,2013,15.72842944
Western Asia,2014,16.32597627
Western Asia,2015,16.81997867
Western Asia,2016,16.9216375
Western Asia,2017,17.01520641
Western Asia,2018,17.9500327
Western Asia,2019,15.72357703
Western Asia,2020,16.06271592
Western Asia,2021,18.02670638
Western Asia,2022,18.10800049
World,2000,12.52449195
World,2001,12.69506279
World,2002,12.82509092
World,2003,13.09030962
World,2004,13.55061221
World,2005,13.97580368
World,2006,14.21897858
World,2007,14.62318308
World,2008,14.60536742
World,2009,14.43616984
World,2010,15.01671053
World,2011,15.53579013
World,2012,15.93373744
World,2013,16.39906435
World,2014,16.90478024
World,2015,17.46995535
World,2016,17.90849133
World,2017,18.43517642
World,2018,19.25451814
World,2019,19.5507192
World,2020,19.22074295
World,2021,21.04488375
World,2022,21.4972968
Yemen,2004,10.45644154
Yemen,2005,10.99124585
Yemen,2006,11.59096569
Yemen,2007,11.94931314
Yemen,2008,12.43146545
Yemen,2009,12.4283444
Yemen,2010,12.97998812
Yemen,2011,10.91599851
Yemen,2012,10.70268861
Yemen,2013,11.25911942
Yemen,2014,10.03260211
Yemen,2015,6.309741291
Yemen,2016,5.320634381
Yemen,2017,4.757768579
Yemen,2018,4.716797764
Yemen,2019,4.775400498
Yemen,2020,4.835732302
Yemen,2021,4.788618286
Yemen,2022,4.858648682
Zambia,2000,3.81144632
Zambia,2001,4.065162872
Zambia,2002,4.356206335
Zambia,2003,4.666431239
Zambia,2004,5.021371884
Zambia,2005,5.455393798
Zambia,2006,6.013979594
Zambia,2007,6.596729959
Zambia,2008,7.153414886
Zambia,2009,7.967059727
Zambia,2010,8.834783855
Zambia,2011,8.91409594
Zambia,2012,10.31813425
Zambia,2013,11.19680904
Zambia,2014,11.39119316
Zambia,2015,12.18535004
Zambia,2016,12.53112752
Zambia,2017,12.57299188
Zambia,2018,12.71936461
Zambia,2019,12.96336979
Zambia,2020,13.79042564
Zambia,2021,14.19167432
Zambia,2022,14.9066579
Zimbabwe,2000,2.17629184
Zimbabwe,2001,1.908186538
Zimbabwe,2002,1.644688931
Zimbabwe,2003,1.612685928
Zimbabwe,2004,1.671393853
Zimbabwe,2005,1.748543534
Zimbabwe,2006,1.800182885
Zimbabwe,2007,1.604140146
Zimbabwe,2008,1.885855612
Zimbabwe,2009,2.58349802
Zimbabwe,2010,3.193541848
Zimbabwe,2011,3.716053176
Zimbabwe,2012,4.402930916
Zimbabwe,2013,4.609686674
Zimbabwe,2014,4.71038417
Zimbabwe,2015,4.804815635
Zimbabwe,2016,4.919946517
Zimbabwe,2017,5.524080681
Zimbabwe,2018,5.124691673
Zimbabwe,2019,4.183709375
Zimbabwe,2020,3.45799174
Zimbabwe,2021,3.667078997
Zimbabwe,2022,3.602973176